youtube-id,second
-2tpd_LgivM,1
-2tpd_LgivM,60
gJ15GjsfENA,35
fYFvomwEB5U,9
fYFvomwEB5U,63
fY9IlWW77rY,44
dbaeu4LNAUg,34
AewsaA57730,85
KJTgxz-rDkg,53
dApMkpRO1DA,29
WKSJtXRXGFg,52
WKSJtXRXGFg,70
sojioDPn7Vo,66
aKAKFTwJhsE,12
JKdcz8fhIOs,98
sqvPQ0q_cVM,1
1k7wXTDL6Ps,6
1k7wXTDL6Ps,62
Q0lBIyxpBaE,17
Q0lBIyxpBaE,66
wyWY8cw_jO0,48
GH9_wXq4_LM,23
Tg1xGqL3X-k,23
y9B-iC-104w,51
mm0JMy5B-OI,2
mm0JMy5B-OI,10
vUGizsCxTSA,19
D7OWtQ3WuhM,128
D7OWtQ3WuhM,142
FUFk8kmpI8Q,1
4n2dh91mo_w,52
FWlq0YASZVM,70
Q_PqK1lrDVk,44
wmwQyeANt10,5
wmwQyeANt10,31
wmwQyeANt10,73
wmwQyeANt10,99
wmwQyeANt10,175
wmwQyeANt10,210
wmwQyeANt10,370
ro7NvljAal0,1
Z9LvDp242d0,43
Z9LvDp242d0,68
NkOMC-jq9nM,113
-J3hgacx9ho,25
-5trDCxSJIA,42
-5trDCxSJIA,116
-5trDCxSJIA,173
cfC51EduS68,167
G-agUf74r7M,74
2nX3OFqRb1g,52
u_13qKiFkiM,51
Fi-_BHxlDI4,28
nnUicWlEeOY,27
d-_Glo-6Qjc,1
IpyY8JEDF2E,381
jx103lucDGg,84
jx103lucDGg,147
jx103lucDGg,190
jx103lucDGg,255
jx103lucDGg,264
jx103lucDGg,273
4p3Zq7KwVd0,184
ekB4QRHC0GI,150
UDVbbSD7G_I,1
4gotJGOF03w,75
4gotJGOF03w,95
4gotJGOF03w,200
4gotJGOF03w,249
1MDvzWchWLg,15
EghLiRx9rP8,53
SdoLNTGWeeo,52
yP89T_YDN0o,27
hkAmXgTx_jo,80
UKzydgDRwSU,63
UKzydgDRwSU,72
V_2xVaRNauE,51
V_2xVaRNauE,133
V_2xVaRNauE,290
0jhqLF0fZPA,108
0jhqLF0fZPA,120
0jhqLF0fZPA,132
Ihel2y9KRfk,5
0AKSkipcQa4,45
-Mg7SHz5cxY,131
lvd9HtzGnqU,293
hG23U-AAs9U,29
9UrA1SysdUQ,97
UW-be-juO8U,164
UW-be-juO8U,177
UW-be-juO8U,200
UW-be-juO8U,214
gTIm9fdjP9U,1
NxFV_VCzgUA,208
NxFV_VCzgUA,240
Bdnv5yHpHFI,31
PCtretBVog8,21
5gZhPUs9hk4,7
5gZhPUs9hk4,18
oqSOLGphI2Q,5
oqSOLGphI2Q,14
oqSOLGphI2Q,26
oqSOLGphI2Q,100
oqSOLGphI2Q,117
oqSOLGphI2Q,134
0ckB6zCB07s,27
0ckB6zCB07s,54
0ckB6zCB07s,150
0ckB6zCB07s,178
B0h2DYspWvE,91
B0h2DYspWvE,111
yXItkJk-ExE,56
Xs73sAt8FHM,all
RxnSe2crkxE,all
_bMdGBSU6wM,all
cigD8aKlGUs,all
FM-d__w0_kQ,38
tQlwpCP3xAo,57
jy7zaRZZ6NM,13
lqcVdCbaB1c,42
lqcVdCbaB1c,137
thQUGhn7jeg,23
thQUGhn7jeg,92
RK35yAeehF0,44
RK35yAeehF0,127
P76Z3aF0Wp4,30
FJfYwz5Xx-4,54
zH9KLJLFYQY,63
zoPgIaItd1s,52
KhKsv7IRyAg,all
tHvpmB9j06c,71
l7m3B7nWga8,59
a8SGwJSWp9A,51
a8SGwJSWp9A,69
9Gp33pgFoIM,39
httEm_GpgaA,50
9LvkN0znOyE,21
0qfC2DHygb0,33
1rue_IkHdHk,19
NwQRNSEHaRg,19
NwQRNSEHaRg,50
7d8CKd5p6O4,33
RFF-vXCtCHk,61
THegvv386Do,32
eHM53jJ5bJU,37
l1FpUtl-lzc,55
-oKKF7KYG2w,5
-oKKF7KYG2w,72
-oKKF7KYG2w,89
pS7dOAO7xHg,61
dCcd9qSdtvQ,all
Vqv1kA168v4,72
G5o68QUL4oA,19
-Wfb-ekfvlI,6
-Wfb-ekfvlI,17
-Wfb-ekfvlI,29
-Wfb-ekfvlI,53
-Wfb-ekfvlI,61
-Wfb-ekfvlI,78
a-U1c_qb7_0,1
FDPNpfcPlBc,115
qAGl7YYz9eY,all
cAMc6ceqoXk,38
Lmg4ZcHrRwM,46
QCeC0a17F08,all
-QRDFQWrspM,53
ooGtjwhhIdE,263
v2xu4GHL4ac,36
v2xu4GHL4ac,44
v2xu4GHL4ac,94
0aIRtDgj4Oo,25
ZYSGIJZrM6w,all
TDU4-SBLHiU,31
TDU4-SBLHiU,60
Nuoh3-LSVTA,all
xNKEdr3BACY,45
uyJZU07nSt0,all
kaXaCb97BhQ,1
1UCFILtEEG8,14
pjM0IK9VXes,39
WUyzauWUCf0,43
QHunZ6SuJtQ,24
0FrMa-WrLi0,20
0FrMa-WrLi0,39
0FrMa-WrLi0,49
UtnOD_H21jg,all
djgHjXhxnoA,9
OkZHgMjEXDY,40
gwq0oPp40YA,58
fz4HgLtWu7E,37
tCl6CuRKnJI,500
u9AElF0x2iM,32
GEaPsFc7VGE,754
pacFg31VNMo,222
F-PMQm4Qxj0,54
U1uFyj_mHcE,54
sA_4ZUBX2AE,23
nJFy0kD9kXQ,61
nJFy0kD9kXQ,83
verfa7PxCkU,all
NOKHdSVo0Ws,21
Z86NjxYN-dc,37
KB8Y6eg_IQs,61
8AcjupaoyFU,68
wBl9e2G4S4c,64
Cx90YFHPdmY,62
9AV9Pz5BMSk,47
yQLC43QP-jM,32
bJ9b13eBKRk,37
bJ9b13eBKRk,56
REnPXL9hTqw,14
CX8nAVYVVMA,50
RhvcYoYUpF4,58
Fbu8Nj0Sncg,54
9JDQMAcJgTg,33
bb3ZsZQzv9M,83
bb3ZsZQzv9M,97
H-ETO1e4ap8,39
V0Qh-z0MMgM,all
MWiVyaeC8T4,24
ClQdqva3Iw0,73
q3JSc8eLYlw,1
hannNGxDG4o,73
IKRS6Lt36cA,70
IKRS6Lt36cA,22
OS0lZdWtKjE,all
GY39iQk7WmU,36
0gUojwRVKpU,59
YXe-0WWV9-I,69
YXe-0WWV9-I,82
TSVJU5VKabc,18
TSVJU5VKabc,39
bPtKZKcSaf8,54
CC9TgM3L5NQ,1
D085mX3BjD4,37
D085mX3BjD4,59
myj-WiKutr8,67
kZywfoeHRPg,28
kZywfoeHRPg,59
30cu4yeYAkg,23
fzhhsxpytcM,189
TwjMS8LXmT8,all
9iQEW4nbgiQ,22
fgehHvkdxXM,51
UqC2xNw10-M,28
b4cQ3dP4O54,26
0Bz_UN0ECZo,1
Imn80SH819M,124
Imn80SH819M,172
Imn80SH819M,222
IjCwNydDeVw,all
ftEdDnOBtj8,32
YThh-PWDOIk,35
YThh-PWDOIk,64
lvRwavnHPoE,63
KUPxKHeqgPA,60
fx7ie9RFwJw,71
4MwFY18Pp7c,67
3BbGAE4AvgQ,5
GxCXXtA_B6E,102
kEquMf333K4,all
C0wbO2MP4KA,56
qInMFbqjvKI,52
3Nr3LnEvzsU,39
yCkDHPtJ4QI,1
CGLOFhF_EtE,181
B_B6H_07iJ4,42
pKMVbxwiacI,71
CIOGdYLmeHw,50
gsLZEFA0_ws,58
KAZeK8ZU9Tc,2
KAZeK8ZU9Tc,52
kdsCiag4e9U,40
Cj7OW7ATl5c,32
Cj7OW7ATl5c,89
SeWt13DlGNo,14
SeWt13DlGNo,35
SayMXlVRQYQ,33
-ZXqdRDi6Ro,all
F13qXJ9Hhy8,42
6GL4nW32DX0,5
6GL4nW32DX0,75
6GL4nW32DX0,115
6GL4nW32DX0,157
2g8cNtMTTUw,46
kDymWE9zyHo,37
r2Y-Su_vMC8,33
OfgxNQw7YS0,63
EB5P2hOUHZc,53
iYmS6oPJVQw,35
iYmS6oPJVQw,62
OBvdwM5s9eM,1
mnwRlTAmWDM,all
jG07wtF1CRg,all
m4wwNaqUmsE,62
shJ2H3BDkDI,39
INp6OnH1PYY,27
E4grzXlwrN0,25
Hhc74pVYgoY,35
D2AABw3uKOM,105
D2AABw3uKOM,132
HYJtXdDk5cE,39
_lK08oz227U,100
6va0TaX5LPM,275
kiXjSnLvU4E,58
XpeigZpaCE0,25
XpeigZpaCE0,144
ieenc8HLSIs,30
ieenc8HLSIs,67
QM31sYmVS-Q,all
lLR9LxEAqdE,87
ghX9VqeAztI,54
avhzQQPnIpw,12
oGa6wO8i6NU,50
3VN_bEY35EU,29
Ko3HjI5D6FU,34
2JyJRz_7qDQ,89
iHxbogrHgKk,28
R0BHbcXtcNY,52
IQ7lQFMVCzk,18
IQ7lQFMVCzk,86
8fyHr1_AFSA,70
hAWOE49jsu4,19
hAWOE49jsu4,81
FcdLhgZO-dA,69
2SuGCZTXOQE,all
L6h8ozcifsw,21
RfWSCnuoytI,126
vjduv1-4_4U,76
A32MmB2MP58,30
-EOMnuLa0Y0,all
Luty6tLDrIg,44
juO-rq750W8,54
Eldx5TJLLho,43
JtftEyNA-mM,65
JtftEyNA-mM,175
uFqu0U98MVA,64
2al1w8LyEV4,70
ilKZqnX6xzQ,43
ilKZqnX6xzQ,53
3LLW8d7ZYis,52
Bmne52oNwEc,all
oNVm0gK7obA,all
Hotk6CDca4c,82
-jkEYAS6QnQ,39
-jkEYAS6QnQ,53
TzrcDIeojAw,31
TzrcDIeojAw,60
DKBeywlqS9Q,60
sqDvigCVa3A,62
sqDvigCVa3A,79
XPTpJqNxR80,64
XPTpJqNxR80,117
MmrdgTWlT1c,42
bMbhrNBgv2Y,59
oOBIEJKMOKI,27
hPx6PhctZ8g,24
iJZr1sit-Fs,all
VF2kNP32H3c,37
rmembvcw5gA,52
rmembvcw5gA,73
rmembvcw5gA,117
Mql7H4qefww,56
oQFUMLxvMrk,47
oQFUMLxvMrk,138
oQFUMLxvMrk,148
67VmRNT2VJ8,46
dSsIkE5IX8Y,57
SVbU0YlidzU,11
SVbU0YlidzU,37
cnxYeWHTa_w,72
BDagHBtpVPc,46
CGyWty5_Nto,26
XPQoXwlBjTU,all
tqvyFf96ipg,44
4NTQkbX1tO0,59
gWAGFRYYbK0,33
hMuY7l-PlKo,1
5XBU79HH5_I,38
Tp1Gt1VS3Pg,13
sj2DAJoJOMw,all
K0nyrri0GyI,61
CDrgNRx3ASo,50
C20sXCO3NTE,23
C20sXCO3NTE,32
C20sXCO3NTE,71
CnLfGGtr2Qw,36
9EysrOouuY4,73
11-7gjVNiME,35
11-7gjVNiME,58
11-7gjVNiME,74
08771HnRCvs,5
C1N2KIMIfm0,49
C1N2KIMIfm0,62
ZXI9OWl5ipQ,25
Wz_a5Z7zDIM,154
nP_PnlyeobY,24
a85FSXaMuio,69
FIKeLwzGyi0,39
w0LHkEn-Qro,44
k8gH2wa07t8,59
QooJ3d7pxtY,50
7eDjPSLn5-Q,85
3n9SJCx-oro,35
QevzPvb-Pp8,82
ygxOF6y7DkE,43
eMFYIah0c8s,18
n8qaAJFQiRg,11
RpULk6Rqq-E,31
_4IlTMyTCoY,5
_4IlTMyTCoY,41
_4IlTMyTCoY,51
_4IlTMyTCoY,137
ht08ORUgkOM,23
sEQnaiM4sHc,32
JPTbhyRy95g,61
JPTbhyRy95g,126
6Y4P5e6GMNk,8
QiMiPGasWcg,37
CFKzxhy5tPA,43
CFKzxhy5tPA,59
hqek1K_EqUk,52
BHkZG-wqoW4,5
BHkZG-wqoW4,28
6RiLoNya_us,41
EPnCAQpJP90,45
tUwB3MqV7_0,38
KeNl8oqF3Ug,60
RgFk8vS5OMw,182
irkeuOMI63U,all
k6MOa74nDiY,26
6RJHI83zqXc,18
6RJHI83zqXc,44
hIXOygZUBeU,38
yM0gPcZjP1w,35
fY9IlWW77rY,44
dbaeu4LNAUg,34
AewsaA57730,85
NH4x6s8mIc4,all
1Ul_aG7b5VE,26
1Ul_aG7b5VE,49
sVsgtJ78rv0,46
-08GwEmXz4k,107
92NSCxZufLA,275
_wS5XAGc-As,33
_wS5XAGc-As,63
0bqR0yEp9QI,54
3Ee7DWP8jcQ,30
nINV-QswMts,62
agdi65pUmts,37
Qh_w-5C2lG8,33
UZvvXwbwWHc,49
u-Xuf6n0YO8,1
oD8LQ_hv1co,182
6PAsz_EQZjo,9
xvAKT3mqUdY,42
VYMB3297IYM,35
Ew2G7Jcw4fU,63
Ew2G7Jcw4fU,91
Ew2G7Jcw4fU,127
n-No5qrboKo,all
b57A6uPsqSE,22
qaCFD_Djr7o,75
LQQdUeIOxmA,44
AeG3SseUlqY,1
GVoMPxfjxzs,52
F274qfxX_WI,28
tI47h0reeYo,72
acqROrm2XiY,33
Ona0SFfNYUc,72
FJvdqS6ntu0,26
4_8X88BQAGQ,6
21SkCmZhhLk,89
21SkCmZhhLk,97
21SkCmZhhLk,105
ije0JC2f76M,57
83s-IcZkeMc,34
9t4hSsf9aqg,40
cTcUJIvyqN0,43
l5QLlYDrISo,5
l5QLlYDrISo,19
l5QLlYDrISo,56
l5QLlYDrISo,71
l5QLlYDrISo,79
l5QLlYDrISo,87
ZDliNKS_rVk,all
5LD1qT70-n0,24
5LD1qT70-n0,65
WxYptK7ocjc,23
NIQQqllMpnk,36
PTeXkRGGNxg,19
o5SBrQe-7cE,1
HhJTq8QWHMQ,72
HhJTq8QWHMQ,298
mo9z-9VuPS8,237
oDd5zxzNuJg,70
wF5xSZj-VwI,22
cGTJ30YVNEY,33
UIMwmAA6eSo,all
Xyta7kStGNU,1
cH3zCFO8xAw,204
Qv-zFuLYI_Q,all
-b16csNIOGE,88
z0J4GwFnqW4,45
M9oMoAgaHx4,61
BxnT5XU-PAo,67
CGvXeGc9zCQ,77
iVBQTdIhUqI,117
Ais_8DRa5-w,48
Ais_8DRa5-w,77
HDQFcJ6HYYo,26
p3NWVumcfTc,69
p3NWVumcfTc,167
sgcf7WGFA1k,33
sgcf7WGFA1k,43
RD8MPSxXoCE,222
NIw_qSutOL4,39
Njc3dBwt7vM,21
Njc3dBwt7vM,45
VH3Zg7a_9XE,32
pCSao_NJqWQ,1
485Sx3vjboY,151
BZ3BLyMnh6U,5
BZ3BLyMnh6U,30
BZ3BLyMnh6U,48
BZ3BLyMnh6U,91
vDcC8kvGET4,34
vDcC8kvGET4,54
W4iafwS0XyI,61
MQkP_yQ2Gik,30
_uN7EU8eyqs,28
_uN7EU8eyqs,67
tw4_4iiWK7A,27
tw4_4iiWK7A,46
8mxv9hOvgFk,30
IQw3uf5dlU4,20
IQw3uf5dlU4,75
85eXSwL8dJg,1
708qTkXSfZA,13
g2tvTjK_iWo,15
g2tvTjK_iWo,39
VO4948wp2_A,28
Ca52hwrUgqU,143
8owR62FSHjs,74
PmtdR7y6gpA,1
0OHeXvd5ji8,29
0OHeXvd5ji8,105
pg9wtm28iJc,1
og-I_J4_N1A,1
a2QJZo0N6ms,44
nZsr8NS0_7c,1
AFYFywATsqI,15
BGXwAXubawc,all
pam80gHCIt8,13
pam80gHCIt8,22
pam80gHCIt8,177
meFhYUcn9dA,104
RRli9QGwKzc,80
kHHXjvIVYH8,20
XEv2mxm3UHs,11
GUeK5YlT77g,1
cMt7_-zMdPI,39
cMt7_-zMdPI,94
A7NySkeb2-8,46
A7NySkeb2-8,72
A1Ad7yYxP0w,48
vi8xk23rKa4,17
vi8xk23rKa4,77
UgJsBWs6mdA,45
dS5eA0Mgar8,47
UhYjova-2rI,34
kAf5JvdzR9c,1
5rVNFCWdqXk,19
5rVNFCWdqXk,99
V9cLjqxexHY,1
GVkPsJam3r4,108
MYVbyj457E4,83
MYVbyj457E4,149
MYVbyj457E4,388
oAsMiLQEQbU,all
BDpXNz_aGUc,104
lml1KBaiOJI,43
snFFKpDQLPs,79
snFFKpDQLPs,163
hPZuSEFqrrY,26
pMMmxsL7QZ4,27
pMMmxsL7QZ4,38
rLg7M6mHutA,32
2SzUWlW37W0,28
K8hb8zkBDow,1
LlEg4l4R-0o,1
LlEg4l4R-0o,24
M00jdLbtO-s,all
2hUmDwweUgY,1
BLoc4CLzNg8,30
lqYymP8EW7c,4
MHk7aOL0JW0,53
sPAtAOes16E,1
WwPcJU8BnLY,1
SNavufqJVOc,1
ey9YGsesako,1
ey9YGsesako,25
aAv50QU7-Bg,1
aAv50QU7-Bg,25
hWtKG0IvG_A,112
QrJ3e8QfbRs,2
15xwPZKRf9k,2
GrOVyeNkPAg,2
km5XV5IFVuc,3
mVpWRINCIHA,all
lvvKhDwmYa8,1
lvvKhDwmYa8,15
ZmPIZ35ViYQ,1
ZmPIZ35ViYQ,13
Ij4TnZ5fuBM,1
4EsG8ruzCOM,2
4EsG8ruzCOM,76
4EsG8ruzCOM,102
dwi_FNJ4wew,1
dwi_FNJ4wew,20
pSs82w23CqU,1
pSs82w23CqU,13
xKOuIqBDhcg,1
dloSV_rk8s8,1
YK3fLEsFcio,1
AoHwXTyGv5E,71
VaLyG1caxvU,1
YzjRr35Faiw,1
Fw9fCfkSU_c,1
Fw9fCfkSU_c,25
3Le5cFH2pGg,1
NwQKW2wBhvg,1
NwQKW2wBhvg,15
PBNvwTWD83s,1
PBNvwTWD83s,19
WKXSvGhbuRU,1
4WdoTffpgYI,62
5S85qgPZHNg,114
0TYST8Cj7Ek,23
39YuHCyIbFY,9
39YuHCyIbFY,23
KLphHlQGHao,1
KLphHlQGHao,13
OHIoyc6psyk,7
OHIoyc6psyk,35
mnKcHT69X4I,all
Dd7W4MOTswE,39
Dd7W4MOTswE,68
d9D5ewHHFeM,57
RrMLDnSlPJw,1
RrMLDnSlPJw,15
rYy88N-JgbY,1
rYy88N-JgbY,13
AL7FCc20vMw,1
mysgKhiMvIo,8
qmxjpF-Wvuc,1
yw_jphB2s-A,1
yw_jphB2s-A,15
3ht5k2ymk8g,1
3ht5k2ymk8g,17
ULq78CMdpdk,1
MGHUVjam5bw,1
MGHUVjam5bw,17
60ECEtOO6Kc,17
_FrSLcpsw_w,1
3mc4ouQNwnY,1
tI9MAvgAsDs,1
Y7cXXDSItT0,123
cD3oVcOCYws,1
IE1OjqYO2cQ,52
WGVpUspK7SE,73
LUYXC8LN-Vg,6
ueS0JkjTb0I,3
OcnHzQWx-Lk,38
UmaH7oW6-pc,1
Ul7Ylcxra-g,1
Ul7Ylcxra-g,16
Ul7Ylcxra-g,26
xuzw4VpYUpc,4
xuzw4VpYUpc,19
zNMzip5pnqY,1
zNMzip5pnqY,15
vxquazqWZG4,84
17A8g5wpGHI,64
eqRGjW9Jb8M,18
SRFEoJGaAag,8
SRFEoJGaAag,17
Uhu8h4LIYvg,3
AOeumxetrd4,1
AOeumxetrd4,1
AOeumxetrd4,30
KbSxBhrx_mQ,1
98Eb7uGza04,1
Wwky4Ea6AOA,1
9syXruxgwSM,7
9syXruxgwSM,34
9bATKhG5qsQ,82
9bATKhG5qsQ,102
5Vqx0cEKTSI,182
96_tq8Hhwyo,1
96_tq8Hhwyo,14
a_Ua1D5XHf0,1
tnTBC03cY-A,1
tnTBC03cY-A,17
i5qayAR9FfA,1
-ncA6PmSzVo,1
Kgv4FBIuXsg,7
fGhCtobN-z0,1
0LmLauxIJmk,1
0LmLauxIJmk,14
Jfpg-ylTZYo,1
FMYYvUWlFzk,34
tDLTUBkGQlA,69
gwwdr0VGn9c,64
N9jrMAsYdMI,68
5KGwsTVTTXM,63
qR5qQOb-Hrg,42
3d4LhQ-YsQM,1
BXLFIa9vpSs,112
BXLFIa9vpSs,130
g16xAbGS57k,73
cb0EiXHJTkc,24
5VZwPAiP2vA,61
7DzmgLh84Is,66
87Thdn17ojc,7
wkUtkfnKgvE,69
guryb6iaN80,1
guryb6iaN80,15
NFglDO898fk,2
4XqJn6ClCSA,1
4XqJn6ClCSA,15
6WuIFF2_tvM,1
6WuIFF2_tvM,18
5WSMxZZm1Ww,1
NJt6RBzuqpQ,22
IQVuRw7SlBk,1
IQVuRw7SlBk,11
0incGlrzAQY,1
0incGlrzAQY,15
DcfRx-FSBhw,1
ltO-MU4bLuk,1
GZlbSJjrrso,1
U2_v1NeX2Pc,1
248fhyOBV_8,4
248fhyOBV_8,34
Gn9jhWXSsCU,38
Gn9jhWXSsCU,56
Gn9jhWXSsCU,87
aPfOimJ4-T4,39
aPfOimJ4-T4,64
MvPJpNcL6NU,14
Qg5f32xi_SQ,14
Qg5f32xi_SQ,30
Qg5f32xi_SQ,166
Qg5f32xi_SQ,180
Qg5f32xi_SQ,200
Qg5f32xi_SQ,230
FvoS2Qv5TXs,24
ioGO1ZhVW44,26
ioGO1ZhVW44,52
xamv4xrXpeY,1
rTi1iiZR2iM,3
Yta4cswsSEY,2
9UYSS6LwRY4,1
WtjbKPh4fLE,1
_11PYHP_CDw,1
qdFJV2k0KbE,6
wMjAhqCgkE0,13
eZVNZZADT2I,1
4w-57lQeIn8,1
4w-57lQeIn8,13
48_ZdSPKNzM,1
_iuz6Mpfugk,1
Rm4Z_pC9KxY,1
9QTl4DVjVds,1
9QTl4DVjVds,33
3eCWrln3-BA,1
MmyoDnOch1I,12
MmyoDnOch1I,22
IEGpsfulseQ,8
jlgEhy97qI4,31
jlgEhy97qI4,47
jlgEhy97qI4,60
7rBGH2a2_GY,1
s8gOdbftdtc,1
iTOY7fj2L80,5
HFrXfomZhX8,47
Lw-5vk3Wq8E,1
Pqut4b52Dyw,4
NOUmQGfF99c,11
zztzZQHGkhc,1
zztzZQHGkhc,19
aibohX0x4t8,1
aibohX0x4t8,12
aibohX0x4t8,72
XWDMqIaK_pg,12
SOiGtrWFqpI,1
CiBH0IFF244,1
eQXo2SnopLs,1
yJcCH6kBi_I,103
CiBH0IFF244,94
7kC_0Py9Na4,1
ysKow1D9UpY,13
O-L8S8mH8fA,2
O-L8S8mH8fA,19
rE_HUmVeSGg,1
rE_HUmVeSGg,73
qUTlfp84eBQ,2
j5VYClbYf0k,62
m-OzAv4qVNc,12
r3xGg7WIgg0,1
r3xGg7WIgg0,20
hkHz2H7eJjo,1
LreeYPcQnOA,1
QMa0XWZP_mU,6
ZQJYJzCLlcc,1
TcSOe2XG_xI,6
v-TwZEQV3X8,1
igL0drmr8kw,1
3qGVC2Qv-fE,1
3qGVC2Qv-fE,23
OvRDs9lH6OM,1
F2RwgTY6cm8,1
F2RwgTY6cm8,35
CwYZR_7_rtA,1
bmUrORub2YA,128
PzpQwB7p45w,2
Rn8kpfo4e04,2
Rn8kpfo4e04,73
tCJt3s4BiJM,2
ghX3iH4ws-U,5
Isuyf_brORo,7
LuTVSeYNJwQ,4
7JsBeEppZ80,5
PJ171BOT2cY,1
f9wGnyGYkms,1
f9wGnyGYkms,21
xKdqIwgPBsE,27
btiiAAAGEQA,19
rqMpDmqG1ys,17
xxdp8LHRs-U,25
Oxf64YFwyKc,44
Gi5VGE0SmOA,21
Gi5VGE0SmOA,39
nw_vclhEWeI,9
XiLNV_wI9sw,67
OuAsCzpUiZ8,161
i9ijRjHCyko,1
GFQ7WdG9MK8,26
GFQ7WdG9MK8,61
Q6p14YFmBGI,66
L0zAaQohmrY,58
opJnFIo1M9Y,13
rz6kLIEPLgw,48
rz6kLIEPLgw,77
Aup06C33IIM,3
TbSaATeTXds,1
REO1R5N6ajY,51
REO1R5N6ajY,63
REO1R5N6ajY,120
REO1R5N6ajY,135
REO1R5N6ajY,169
REO1R5N6ajY,197
md4YLI80Lew,84
O9HZKrHq2SA,33
U3SOi1ohmOs,24
U3SOi1ohmOs,50
Bz6itaKJjqo,42
XUDOSadxjmA,all
szwIfQhfy78,10
yoxXT5-uFpw,55
GuUx8y2DV6o,28
ofEpxG9uIb0,5
_VIprM4wTdg,7
Q6R_nobnINo,6
M1pYgxdwv_Y,all
SKvyR312Gak,3
8XU1jVSsKZo,52
QAQvTiK5sw0,all
yIvJy4nwRLw,all
83_F_F3_l68,1
Ve6rZXprDqg,1
I9RQry8CZiU,9
19Telt8zcV8,1
5EMpSd1IB7o,all
aZ0bTUIaTrw,40
NZmxTKjcuP4,46
mblhRHHj_AU,78
yICSO0gwcVc,60
NKIUEtpCrPY,all
mNbFkZLa6Wk,1
x4GN6ZpUTOo,161
gMhd_dr4EhU,1
gMhd_dr4EhU,12
kZMTYGz2RQA,1
kZMTYGz2RQA,66
vooAl37Tw7A,1
bfF3fzuT-gI,1
bfF3fzuT-gI,64
GQulhQBNZ7Y,1
JeQblSV95lw,12
d39NmNC8Gm4,70
jqp1w6_UszA,all
Xz1zU4zFyPI,1
sHFt6LvF06w,1
sHFt6LvF06w,8
gYnEMBK_DgY,5
Xq8qEma9bH4,1
Xq8qEma9bH4,29
0LDP9bFhJmQ,19
cwY-jaxNX_k,1
cwY-jaxNX_k,25
cwY-jaxNX_k,38
k191er78NG0,1
0GKI1KOMKMY,1
0GKI1KOMKMY,12
0GKI1KOMKMY,22
0GKI1KOMKMY,32
SNZYFIUZoVY,1
IRV2wg4Hgtk,6
4pnM5bCDaYQ,1
4pnM5bCDaYQ,10
FpQCYMH43sM,3
o8J7q0dQ3A8,1
YLmUO6lAFVQ,102
HkqIbWoyfG0,1
M91U7zBQc8I,1
K926BIPmYeM,2
o3ZWRSCW2rw,1
o3ZWRSCW2rw,14
Dp2lniiKyCQ,1
WqAZw7kpVbo,1
aIiaQstAB7w,1
566U3sh0eYA,1
566U3sh0eYA,11
566U3sh0eYA,65
Tb1gygSy1QQ,1
_MaGADCW6Js,1
_iCx8tJFAzo,43
_iCx8tJFAzo,83
PJseO6yns0A,1
PJseO6yns0A,10
FBAum8tlpzM,1
FBAum8tlpzM,15
m_tJyadkkR4,1
m_tJyadkkR4,11
eDsoI7A4-wY,1
vqIn5HRvGKs,1
pE1Vz5uJjng,1
e66skf9Mbrg,1
e66skf9Mbrg,81
Zry027zn-w8,1
vvnQytnOc7I,1
GHk4klb2khk,all
VO8UIOJT5QM,1
VO8UIOJT5QM,20
VO8UIOJT5QM,41
A3HCfWhX0UM,2
7g_zDVxpDUE,1
7g_zDVxpDUE,38
7g_zDVxpDUE,57
xFJEA_tuE2o,1
xFJEA_tuE2o,37
nXbYbMPBrls,1
q9_OQUzN0nU,1
q9_OQUzN0nU,50
8XtqJ4Y4B1g,1
Znqga7XbihY,25
uRnQsroldr0,9
uRnQsroldr0,57
k-Z7f7-tHMA,all
ShqIv_25IW4,1
JQzI-TvMEe8,13
JQzI-TvMEe8,21
u_WxwjFRCOs,2
BCxh4yeeSAg,2
_wGL-BKVAAE,1
_dL6r2TwgdQ,1
_dL6r2TwgdQ,14
78begaPko9g,1
78begaPko9g,11
78begaPko9g,34
n73OwYEmfs0,1
n73OwYEmfs0,17
chH9e1yiRgs,1
chH9e1yiRgs,16
EFjUqtjfcVM,1
EFjUqtjfcVM,32
bedytvJkohg,7
bedytvJkohg,31
6z5CM-mYvWU,1
NKC_znE6DtU,1
PK3l9rJOho4,11
BNR2cPLSgpY,1
BNR2cPLSgpY,16
LoJ2klBVGa4,1
LoJ2klBVGa4,15
3QILGZIyKY0,1
3QILGZIyKY0,11
LvRYsJLdHL0,10
E6UjDMDQTO8,1
8smTzE6ODSM,1
8smTzE6ODSM,12
lfvdD1N13dM,1
CEdWcWxLV2w,1
CEdWcWxLV2w,17
vYHSSfVQSZk,1
JCfjp5DeFjw,1
hTIjCbMbiu0,1
hTIjCbMbiu0,14
LymDmHDuPso,1
LymDmHDuPso,14
WwMMFF0dQ3U,1
d1zcCbjy7LA,1
Ty0XSzwyEls,1
Ty0XSzwyEls,17
6MniUsNB7_A,1
qPYfJxBOu0s,1
qPYfJxBOu0s,17
1rzcwxUwSPs,1
8LgJhFA1_YQ,1
_EI0aJw3SPc,1
LB04wVoZUao,99
GtgCabE6GF8,21
GtgCabE6GF8,34
98lvbh3Eq9U,all
jDYYJ8YTiBM,1
e1fEgocr7Zg,1
e1fEgocr7Zg,15
PcJGcAL8NK8,1
4G_xrSUeVsw,1
oH5NMHozoa4,4
oH5NMHozoa4,27
oH5NMHozoa4,49
P01GB095Pec,2
xyh-yhDonoY,1
xyh-yhDonoY,34
xyh-yhDonoY,62
CwO6zDNUU9A,1
jhEpCx3aErU,1
v6LJ2EaBimk,68
CwnoudI79-o,10
IqHkiQ4QeAM,1
IqHkiQ4QeAM,36
IqHkiQ4QeAM,59
ZqhQLrrw7jE,3
Gr3VF4UkG5g,all
s9ZS7ck4hSU,1
s9ZS7ck4hSU,14
nCOQ6UON-Dg,1
nCOQ6UON-Dg,23
i0znJ7zBrAo,1
i0znJ7zBrAo,9
0IzP3xAcdss,9
qSdz-1ipCtQ,1
qSdz-1ipCtQ,12
eI26BtThldg,1
eI26BtThldg,14
12vL1YezB9s,1
eyXGmIdGhrw,1
WJCDatV0kwI,1
WJCDatV0kwI,14
yW2ciBNDX4k,1
yW2ciBNDX4k,13
grm2uv7RdAg,1
grm2uv7RdAg,16
IC8zuK4YeGY,1
IC8zuK4YeGY,18
J3csr_6fnUA,1
J3csr_6fnUA,15
WYWh6G2owgs,1
hGF0kA9Dv0w,1
hGF0kA9Dv0w,15
JclkHrVejbw,1
JclkHrVejbw,15
uMXHDOMSrmY,1
G2WNVMWEHy0,1
rtKS7thvYic,54
Vx-t5wVjIJE,30
8n2CDQk2OVg,27
kk2eMVu_ebo,all
1nYLczHyEYI,39
jHQzse_iUPM,2
r3uEfQFE14M,2
9Ns1zuuwo8k,15
NWRNQmD6_oU,1
wWnD50hVG4Q,1
wWnD50hVG4Q,58
6KcQC9oweO0,1
ddcnyPHK9bw,1
ddcnyPHK9bw,29
ddcnyPHK9bw,52
ddcnyPHK9bw,77
GnIHQ-JuqWc,8
OM5LVvzzBLE,1
gakWJSOz81c,1
HkNvzXXKGNA,1
jvpJBZf5lcE,1
tV6u8O8hfns,1
eyktXwupo5Q,1
j7Yz6w2ho_8,3
j7Yz6w2ho_8,36
aeEsCgypOmA,1
AicaKAHiBZU,1
AicaKAHiBZU,19
AicaKAHiBZU,48
4UnTmQRzW3E,15
pn6lcNToZDY,all
cWpZUPlKXt0,53
zBe8czlv8p0,3
dRdk7OQ-oG4,1
SjDNQSh3aeY,16
WSSAZoOtBVE,1
RRkLsJm3TXM,1
RRkLsJm3TXM,13
JQd6qJ_ti_Y,1
JQd6qJ_ti_Y,27
nZS-SfPFxn8,9
Hx58SY-3IVU,1
Hx58SY-3IVU,20
gy8ylfozw0E,1
gy8ylfozw0E,14
a0nJOPX4qTE,1
a0nJOPX4qTE,13
Fp7fvQopVSc,1
Fp7fvQopVSc,16
Fp7fvQopVSc,51
2ylQNqkmPnU,1
nH_bJ4kV12A,1
nH_bJ4kV12A,18
81gkeSYiWXQ,1
81gkeSYiWXQ,15
7iXuc21uJrU,1
7iXuc21uJrU,4
ktR7HY4xKxI,1
KOtztlffB6s,1
KOtztlffB6s,11
LFvnpxAJYPs,9
bW4tuz_8aNQ,1
bW4tuz_8aNQ,12
oitadH6ndzk,1
ncy3CUrDUac,1
H0mRLL1zNKU,1
H0mRLL1zNKU,13
H0mRLL1zNKU,47
NAdax0WmtwU,1
fI91DlB49dY,1
fI91DlB49dY,23
cBg3rYY33vU,1
o6vXPpmvPJM,1
icaSUiR4hHw,1
4oEkbk_yk5I,9
4q3VTLBXPnk,34
4q3VTLBXPnk,51
q00jP8_eQhM,all
3yAIBisc47c,1
2oU7VEC86ac,13
A6HRi-4uATY,41
MKrTa5NQMAY,1
MKrTa5NQMAY,30
z6p688WR0Jw,14
C_l03SwgMno,1
C_l03SwgMno,39
XLJKkqLbIfs,1
tnpQ9u8UVfI,1
tnpQ9u8UVfI,14
0qfYhn6UMVE,1
0qfYhn6UMVE,14
5bU7XB3k9Z8,1
5bU7XB3k9Z8,26
5bU7XB3k9Z8,37
YPguDNyRzoA,69
vydFFqz7ikU,1
vydFFqz7ikU,22
vydFFqz7ikU,107
Hye2kaYfzVA,13
DYmFpMAa9_Y,2
DYmFpMAa9_Y,31
xjGuKdcs5dM,2
eEWeLzdsLNU,51
eEWeLzdsLNU,59
5HHvjdw6jLg,all
KEDPsK1UWzM,1
KEDPsK1UWzM,16
xqWsi0oyU7Y,1
kBmyIy3p8Kc,1
kBmyIy3p8Kc,13
3VZqABsxiPc,1
Qujc9keBT7E,8
4PeoncKxJXc,1
4PeoncKxJXc,20
X3d3_T5m14o,1
X3d3_T5m14o,14
XK5bDKqUyE8,8
A9XU_B7lOlQ,1
SjL-uvUkVVU,1
SjL-uvUkVVU,12
fFDC4n5c5Yo,4
Rz5evHQMwyE,1
-jcUyTXGzzY,3
CWpFFCOxEJE,1
kEi9RVruf5M,1
kEi9RVruf5M,16
6OQE6rt30nc,46
6OQE6rt30nc,74
6OQE6rt30nc,99
8xNPeQ0J9so,1
8xNPeQ0J9so,22
yAjNe0RROKs,1
feQe3BiGnwA,1
IDLDxTZo2_c,1
IDLDxTZo2_c,13
8PSqCQlt69U,1
Gt6myLmiq1o,47
Gt6myLmiq1o,78
5WBiDq56RFw,1
KctRDAGIDPo,1
KctRDAGIDPo,70
Ig23imPfsDM,1
Ig23imPfsDM,21
_Rh3g12dkX4,1
_Rh3g12dkX4,10
rXe_8Cxnh4s,5
23nA891PPjM,1
23nA891PPjM,10
5y1w8Ji2-JY,1
S3Dkn5KrIxI,1
ds_wOAq_dRE,1
ds_wOAq_dRE,11
bLQF9zwodo0,1
NUrhXHutoCw,1
_mB4klgNTTg,40
_mB4klgNTTg,48
0BZk_fYMRzE,1
2OG7Q4vTc7s,1
15CWBGIHqcg,1
QChpTRGLVgI,11
-w5wQRoo7EM,1
44pNpK21JBo,1
Wlh8OzDRyVw,1
Wlh8OzDRyVw,10
Wlh8OzDRyVw,22
u2Xui_-ZvP0,1
u2Xui_-ZvP0,23
lI1YxWTGDR8,1
FBtguIB9bnM,8
FBtguIB9bnM,21
K7-FhjsB-Bo,1
K7-FhjsB-Bo,16
c5fFcDaw01A,1
uh4mMngTp_A,1
-K3OiXs7Xj0,97
-Oqkb3xS0xU,1
_-MzAB75rLU,1
_-MzAB75rLU,24
_-MzAB75rLU,33
8S5T9juPn_Y,1
948lPScJcnE,2
z5E5Ply62nQ,all
vukWyJPVz-M,106
vukWyJPVz-M,116
cAPEqIky92Y,1
cAPEqIky92Y,12
NI5Q2QCAkik,1
NI5Q2QCAkik,12
oKg2RTu6gM8,12
DcP9rz6d77A,1
LdPuFpgCSJ8,15
C1XVlqGiM6g,9
yRZlofScyB8,1
yRZlofScyB8,15
IaBEzUxQifQ,1
3Lx7KgUf9GQ,15
72efknYi4dw,1
ra4xyjvYq7Q,121
731o9cSmHbo,22
0JEZ08DX910,39
maH5b6F1kxA,35
IAM3L8kFPDQ,5
L7KBiDpIRTo,48
ivMJGbQQu50,16
ivMJGbQQu50,26
ivMJGbQQu50,54
lr-meLPJXHQ,1
lr-meLPJXHQ,308
VjZclkWZkEI,1
XihXTyihHiw,2
XihXTyihHiw,81
I-8TT6qLkVQ,43
vZyp3jI-ZWA,21
-G20W-ONiWo,63
-G20W-ONiWo,87
_y1x2IWVEKs,34
_y1x2IWVEKs,44
BKq3r-d-_Oc,46
EtghPdtOwM0,18
EtghPdtOwM0,55
eoCYdGOZ9pk,all
oKOKPEkKbfI,43
IAgOWKkUFgM,all
jEfzvAhgqtQ,all
DpDP4NLjwb8,6
uTPE3uZ-c94,1
uTPE3uZ-c94,19
S4g_SQMDR00,1
S4g_SQMDR00,9
Tp5r2gwZOXc,1
Tp5r2gwZOXc,12
-8Y8KghUQqw,6
8pd_27quyVo,1
RMoWt0Fj4yY,1
RMoWt0Fj4yY,11
4GHzQU-9LSE,1
4GHzQU-9LSE,19
twT4LjVmybs,8
8ISkcgDqu6I,6
_DfhREUc128,1
IhzapSp4qBI,1
IhzapSp4qBI,39
cN7ah-NJh0c,1
V-DvqCQxBzo,all
lsgm2g1MELM,1
iP1CajjtJfo,1
d9bVVhndnUo,1
-qlx3Ull_RI,1
qE7FpwVHFxI,all
QTZ6ZF4x4dI,1
QTZ6ZF4x4dI,40
ac1FxEGYjhQ,116
b_ZpF7XA3UU,11
b_ZpF7XA3UU,23
b_ZpF7XA3UU,36
b_ZpF7XA3UU,48
YEEcSXJqSzA,1
VgqMNdQy5pI,1
VgqMNdQy5pI,20
Q_MH3Z8XSRU,1
44-nT2biQqc,74
44-nT2biQqc,112
uvnJHioP0vU,2
k8f0y21YJJs,3
0MUNoVSBNLo,102
Nr82jGe3wek,80
uli78u1NEHQ,49
H9afJTu4fc8,26
plI5crYisIU,1
na9lJhd1IJk,1
na9lJhd1IJk,44
na9lJhd1IJk,66
qQ527drVUbA,15
ROGZPojBxAU,1
ECR5yGH2iHw,1
FoKwYf4ISCk,1
jgMd4QatjUY,14
Q7gdQh2hWSg,1
Q7gdQh2hWSg,9
Jnn6okerXuQ,all
UC21TgUK6A8,1
UC21TgUK6A8,10
vRufjRfhfrI,1
JDyoR2T7Qcs,2
JDyoR2T7Qcs,13
ONcxQAf4-KY,1
ONcxQAf4-KY,14
-n4EGzAP4QA,1
dpdvYFXUwag,1
dpdvYFXUwag,13
1VV8JCrU28o,5
niznfQGTMA4,1
lfo3Vwo4dJY,1
5Wjk38Sr0so,1
5Wjk38Sr0so,11
BIzHJuYydz0,8
ZU8V8B_ofzI,1
ZU8V8B_ofzI,12
CaS1G9bXUBA,1
CaS1G9bXUBA,12
GxfJafHzAEo,5
h6hQCFmO3uE,1
i0QnJ2h6oJ8,12
x-3O5mIVcvo,1
DTfUFkLqdTE,6
dxmmzyCH9NA,17
HlirXNCY89I,all
UwF9ZRwWOUE,1
UwF9ZRwWOUE,22
kLTDdRlYHaw,2
vArVfe5Y1X0,1
I6XLNAT-ytM,1
-9a4qhEm544,12
I5QPiPHMP8U,1
RsgdRDgeU_w,1
RsgdRDgeU_w,25
PTdjApTJGsY,1
PTdjApTJGsY,45
1dHUQ1O0VhQ,7
PTvldj4wdiw,1
n6YcmjuE5A4,17
n6YcmjuE5A4,39
n6YcmjuE5A4,69
fjxKz6yg5us,all
61fXyyhkbME,2
3W6aIxO0PZ4,1
kvBDHv3PAP0,1
c5cpJJc0Bh8,11
F5q_iO4f7N8,1
F5q_iO4f7N8,12
F5q_iO4f7N8,23
5fGL5LzzHRc,1
2myomy6QARM,1
2myomy6QARM,10
55ItcjMbAAg,2
Or2aq5jhHY0,14
wf66yauDawU,14
bkQLtlOxf_E,1
GLyxzdmL_iM,1
8qvCapaCubg,1
8qvCapaCubg,17
SWFM0vRJkD0,1
SWFM0vRJkD0,98
2O_3_HjtGtc,1
2O_3_HjtGtc,16
QcZVHyuS8ZE,1
QcZVHyuS8ZE,26
6_GjZoUEqPw,89
lWzZCqabKno,1
5PoebxLy0CY,1
Ry3-TNzQ4-o,1
Ry3-TNzQ4-o,26
1K8uZ8K_Nl8,1
1K8uZ8K_Nl8,28
1K8uZ8K_Nl8,48
p9FW3mEX-oM,1
az_-cj0gpok,1
az_-cj0gpok,15
jhsZXYl6va4,1
mCI6rzSvaCY,1
mCI6rzSvaCY,15
IxOt_FpQe9Y,1
O5nbp8MXkW8,1
XL_Rt9koAJY,1
XL_Rt9koAJY,10
4GbhRmQz190,1
zflFN87q_hM,1
zflFN87q_hM,12
i3w0WP8Ydg4,1
i3w0WP8Ydg4,9
xh_FpwaJaPg,1
xh_FpwaJaPg,13
EvyE3cjbewc,1
EvyE3cjbewc,13
pxZfWAFLUF8,10
t0N4xXMpUj8,1
Hd8c-HWJylA,1
Hd8c-HWJylA,12
hsu4m-9ESZ0,14
u0iTTaSbFz4,102
tYVFZp-9u5g,9
yiKkbBK2oWg,1
yiKkbBK2oWg,31
gdWi7TQKTHA,1
gdWi7TQKTHA,91
gdWi7TQKTHA,143
EKadsxSkaEc,1
EKadsxSkaEc,9
UU8gXJDHhj0,1
av3KyAs7U38,1
4p5MQMoStNw,1
kMtUr5tvJas,1
kMtUr5tvJas,21
g69rBRYHuW8,1
ho4XWPxmY6s,107
-NcddjGmsEA,1
7w0Yl6mn4IE,2
Hl7mIbrF9nM,1
EY9cum7vtIk,3
EY9cum7vtIk,16
7WZamo28kG4,13
V16XdtWZNW0,1
jrr2FJmIsL4,all
imP9plNiKbw,1
5SAnWz0NCU0,1
c5xiopvDF20,1
c5xiopvDF20,9
mQdkRucFUn4,1
mQdkRucFUn4,17
ryzNebSjK8Q,1
QpU_-_ove2w,1
QpU_-_ove2w,12
Vz9CRrjK65k,1
Vz9CRrjK65k,16
rUzMtROe6fY,11
3ScdzmYeWEQ,2
qtwX62OhtC4,1
LAY2_4AnFGs,36
a69TLC_6508,1
WC5Cz8LKbzo,1
UN6GlYX6Tss,1
vxRuixTMF2U,1
vxRuixTMF2U,9
ZtGGCcVhLVU,1
ZtGGCcVhLVU,11
3PcqhiUuI0k,1
3PcqhiUuI0k,14
-ODxLIjb2kw,1
AWipC8D6CVc,8
EKU6xlxnq3Q,1
EKU6xlxnq3Q,27
EKU6xlxnq3Q,36
EKU6xlxnq3Q,52
Un6LsCr8QBs,1
Un6LsCr8QBs,11
Un6LsCr8QBs,117
jUAehDdNmXI,8
jUAehDdNmXI,17
4eG2-yNHyTE,1
mpaCEyszF1U,83
S2XVe-QFBAM,22
S2XVe-QFBAM,31
S2XVe-QFBAM,39
UbG6RT827zw,3
XLVxIXq42as,3
qaplxHt7lk4,7
Y_p0QIbQ7UY,1
Y_p0QIbQ7UY,20
uMM2XS2M_z4,1
GsFkbL5XpIU,1
HBCl1wxElUU,8
LvaADXgDOp0,1
q-OGsi2mf8M,1
HgAOrub4p9A,1
HgAOrub4p9A,11
22E6St9Devk,1
22E6St9Devk,25
aYQDRks733M,8
CsseQBDj7V0,1
YraZm4V2WMk,1
zIjrtQ0VR34,1
wBGGHJ4_I4Y,10
wBGGHJ4_I4Y,29
IzAkBiBgwic,2
_6o2nDgJ99g,8
Qc37gd5WyRQ,1
S7ooXQESKSk,10
fg0SdVb8eAI,12
41b9E_Yk6kM,68
7Y2u30749xY,1
ZU0ZhRIJYZg,77
EFRf9h4_hKs,1
zCgAiA-eQ6I,109
0quPqHLgR6E,57
UvVDK3YEhgI,all
F7AbEezrrDI,all
Qu4QusbrCYE,1
Yd8F1722xQg,50
Yd8F1722xQg,80
Xf9WxhUFJlM,34
BGs6MpLPKaM,75
BGs6MpLPKaM,87
yVfMjITKnLc,49
V3YI8c5hvFI,38
WatmtgWNVx4,51
j2CEyBkB1ss,48
GVh6ftozMfc,35
HA9tVmUnSoo,39
UWBinznSDes,54
glOpQgXR3iw,32
geH7d6dizns,44
MWrVRwiWh_w,63
M72AtB9GESg,99
pZgmpRDtrpc,all
_qED4fvwbtY,11
VP-1FoIKxtA,135
KajRJDvC60c,11
KajRJDvC60c,267
2L6YR5zSuI8,43
K9splYJBq8c,64
mxV7SaK4Mj0,all
xWjpcW5WBBU,34
WNrNKB2PgQQ,47
gH4o3UQg4Hg,26
KzM19zTaN7w,50
P79cHvnsYoo,all
xUntwG2JFr8,all
y0ZQzaBNzF8,1
rNcw3yxMW24,66
YmgxR5z0Rao,21
Ol6qkZtH_90,1
gstSsYqJQnk,8
gstSsYqJQnk,62
cXUXjkd-9LI,54
GwL8l0Lasho,21
GwL8l0Lasho,34
-v_93pMWnuA,14
-v_93pMWnuA,56
t-tATRdad80,13
t-tATRdad80,27
t-tATRdad80,41
t-tATRdad80,68
B6OMy56ZNv8,1
LqVcOqiMeYM,65
78W9iz3nbko,81
U-n1-6lrHvw,58
P9K9WieVEV0,35
qTMlx18b1hE,51
a-R0sxlwMWM,13
a-R0sxlwMWM,23
a-R0sxlwMWM,65
wuS69jcHEy4,21
wuS69jcHEy4,31
9AiAt2C4RMg,41
9AiAt2C4RMg,66
jaXYox4DJAY,57
T-c0Wjt7xHk,48
TJ2vsHvpCH8,90
YvPJyfPFZrc,38
NpmmsyEKPUk,38
fLq6QVKkqYs,all
w27plGLRwRY,8
w27plGLRwRY,39
w27plGLRwRY,73
ulrARAXNzjM,79
j8s-pEgvlnQ,80
_Fnlti6FI0U,57
o3B9vmr7HFE,44
ftHAJ9P5vlg,40
fUXS4PvyCxw,all
HTojHgCBwVc,45
_AMmMk6ffVY,101
04Qa6GmcD6E,43
dz8oxQSCBU8,49
dz8oxQSCBU8,71
X12O1cP3XxA,37
D3ePgxlJpYg,all
pGOPdhbW0hY,54
NaoS6P5uJck,63
znlIt4jOlX4,all
MQNE8GqZpy0,18
MQNE8GqZpy0,57
IAgE7tB-5bI,57
jSwp9NL5Cao,45
WlVKWPWZ2q4,81
3_gDF_V_OBQ,21
3_gDF_V_OBQ,63
EAkH4W3Fbsw,all
Oe1_MI_XJFw,52
1wKKD3s4vQI,2
L_qU0UlCaAE,2
3NFAD79NZCA,40
ahLCd6dgz1U,32
Er517eXnpvI,55
F8_uuX5DtmE,44
06THdlsNlt0,2
Uzte7nW-aiA,142
Uzte7nW-aiA,167
Uzte7nW-aiA,177
Uzte7nW-aiA,209
OdK0pskMw84,62
ldRUWDSm3Rs,26
TEZH55zg1bQ,8
IiQj0-nMQ6w,1
MTuCM0W-lyA,8
PyAY5Ccmt4Q,9
PyAY5Ccmt4Q,53
WyTiJllI4ig,2
VPy1tOVxpsU,1
VPy1tOVxpsU,12
ip0Ingf0TAY,1
ip0Ingf0TAY,15
TJ19TlbRn7U,1
TJ19TlbRn7U,18
uyJGS5qEi8Q,1
YVTXhNDiVN4,1
YVTXhNDiVN4,13
K6yoaIq5sOg,1
AcvoJKH655M,5
AcvoJKH655M,15
LeGQkCXC1No,all
vMp0F4uz-tg,1
vMp0F4uz-tg,26
vMp0F4uz-tg,57
vMp0F4uz-tg,82
0zAn2h9y85Q,1
_LH5eKqR2Jk,9
7dXQEBERjWU,1
7dXQEBERjWU,38
ObNHolvKry0,11
r8r8QPOyXoI,14
KrivcsC73yU,2
PT99Kgik7ME,1
PT99Kgik7ME,171
kzP_XNiCu7o,1
6VLOCp1RXbs,1
5fCERbD-lMM,1
YJjQFcfjr0w,all
9P_w59_weRI,1
i0-XcfFhTsc,1
i0-XcfFhTsc,10
35-Ia7IDRVU,8
by5EmCMt5H8,1
by5EmCMt5H8,14
VrfrqTtB5J4,1
VrfrqTtB5J4,17
VrfrqTtB5J4,1
VrfrqTtB5J4,14
codqFZyZsMQ,1
ESJzaywdzow,1
ESJzaywdzow,17
ESJzaywdzow,31
XTFP1K1oDG0,1
XTFP1K1oDG0,12
c6JvYM2f3DU,1
c6JvYM2f3DU,12
KaCoT-FxYGI,1
KaCoT-FxYGI,19
YFJdtz3kolE,1
LQdBpREI8Ho,1
daL_Qzkn5eU,54
E1ZjjDK5F0k,52
ouxlcL10r6M,13
PHZF7aUwPEw,121
nVYbesH56ac,6
MMF-bWeZ3Bk,1
Zlc--aRFy-o,65
86c7B072QUs,1
HzcAqYNPL_g,32
zHGxWw48cmQ,11
gzGuf2fxjck,1
jdVIWi_YtY8,all
XF8EoLhAQaE,all
_wYsO4Yd2c4,74
kkXTqqeCfDg,1
VrRcCkB4WJI,48
YATmDHu_ou8,238
gcKi-6DR-B0,36
gcKi-6DR-B0,127
Vrfx3YF4tCE,410
OoaUg8Gwrkw,all
qDliqx3gKgo,1
qDliqx3gKgo,14
xmyL0S9mZ_k,149
jXFiYpGVLlw,1
7XkGDmzI92I,all
iZimBYNYVnU,54
LyIY9sO86rU,17
LyIY9sO86rU,31
LyIY9sO86rU,76
oOK74v-o3PM,32
oOK74v-o3PM,73
nNoDsuOiE9Q,17
_OmLxYh5_UE,6
_OmLxYh5_UE,63
kWjM4qk_cV8,102
aNrICCztZ8I,13
aNrICCztZ8I,83
WMMFVvfMhGw,11
WMMFVvfMhGw,20
WMMFVvfMhGw,210
xEtNjzvcTaA,8
_ugxrDdj_JM,38
x6PPd9zIUOY,7
9wKqMKkkep8,42
MK1k8MJgpSQ,1
OO0Jjrg7bYM,71
Ic1ipGUUVCY,49
4wDnWA-Hz80,all
S0nDPeCoPOc,1
S0nDPeCoPOc,76
h-EKDh_l7vM,1
AfwNYeOboXE,64
SoTvMjw5RLk,2
xG0B3JWlYGM,5
m0GBhsgqwY0,23
61uYa7iPzKY,2
61uYa7iPzKY,40
61uYa7iPzKY,56
KP_BPnrR9Tg,77
yeqPPHJa3fQ,20
u8fJcNEPlkM,46
g6uqrSiW6DY,56
Cmgt64Ck108,38
slM5ikISgJs,25
slM5ikISgJs,42
DMW6Py5VkNI,8
hO6VD6vvI9A,1
hO6VD6vvI9A,18
Vb5_j8ZVOUI,1
Vb5_j8ZVOUI,12
GuEfeIq-eRw,1
GuEfeIq-eRw,22
yCGsX3njQaw,1
yCGsX3njQaw,14
yCGsX3njQaw,29
J-G7KJChDGY,1
5ylW8HMGe5k,1
c2A-OsDeWHg,1
spVFQe6KooU,1
iFb4SboRDBU,1
Xd0Wb09irSA,7
R1TWLdwjXG4,1
xGqwwij-cHM,56
E5BKu-oIuY8,1
E5BKu-oIuY8,13
WLjqw0gg_1M,1
WLjqw0gg_1M,38
iDzAJlwkVYE,1
rqX0tMy5TWk,1
CgiDVIk0qxw,1
CgiDVIk0qxw,37
U4QLq9o6LxM,1
Jga4uUh7_-E,1
ILakb75LBqs,1
ILakb75LBqs,26
ILakb75LBqs,41
HVUwlKC4Ous,1
HVUwlKC4Ous,57
HVUwlKC4Ous,149
x3MV8jM8KVk,all
A3SD_bFDKl0,1
A3SD_bFDKl0,24
6Jx32qyjjac,59
TDxVi7vFRlQ,62
U7px0Wv_UPA,1
pEgXosIGY84,1
pEgXosIGY84,16
v8tHb_6y3Qc,1
RmNAUOSHnSs,1
RmNAUOSHnSs,12
fgefg4jD3zs,8
7-cFft9bVbU,1
GbK95W1d_Qo,1
vJV3-i9TMY0,1
XPcpUzGZupY,1
XPcpUzGZupY,14
9uNKGPJbqGw,1
9uNKGPJbqGw,31
atMmxBHH7dc,9
ux6IW-aAcpg,12
owlPS7oudXM,1
aghdEuBMm5I,1
aghdEuBMm5I,14
hmmWqi9X-YU,1
q5wKNeo-q3Y,2
8Lcx_IZW5hA,1
8Lcx_IZW5hA,13
hkhSBLcuujk,12
mjD5117d9nc,1
jUqhSUAx_cA,9
5mjItVeFfPA,1
vvRuCjbVQ2c,all
P4HEoLSYrOs,1
P4HEoLSYrOs,16
P4HEoLSYrOs,27
gGDiGwHlbC4,33
gGDiGwHlbC4,65
EzWDI_B7Spc,37
IddLLYW771M,all
ydWIzJsfmqk,6
coDfTm4ZUMc,1
C3olRsPyMv4,1
p4KFfMoQfdI,1
EosUk7nhdP4,1
4jw8kNke7OM,1
4jw8kNke7OM,18
kJsu5P4hi5s,9
kJsu5P4hi5s,25
85k33-MI4IQ,1
4hOzib3CZMU,1
EttzWAljBWU,all
4hnidIj0YJE,33
dIIQmB-UK_E,5
3QnJnwOujQw,17
HAcJd9C8Yog,1
cr4kAPwoxS4,1
cr4kAPwoxS4,23
ldey3ylGb9A,10
Lgc7-0390Q0,1
Lgc7-0390Q0,18
4rNCjzkkHbA,1
4rNCjzkkHbA,18
hbO67T-pFPo,1
hbO67T-pFPo,13
f30pgo91QAs,1
f30pgo91QAs,12
yILs-C6E5go,11
S1b3kqHQQy4,1
S1b3kqHQQy4,11
wyOpnx4qFok,1
wyOpnx4qFok,21
wOZFSBKgZrE,1
wOZFSBKgZrE,31
wOZFSBKgZrE,46
TPYxVxe62h4,1
TPYxVxe62h4,14
SKrMWzy7pks,1
mJrIFD9bsRY,1
mJrIFD9bsRY,15
SdeHDbJ6UyI,18
SdeHDbJ6UyI,42
JgJm5SsgTO4,1
JgJm5SsgTO4,15
IoBL_UOOtZg,1
IoBL_UOOtZg,12
AJXkEijaZ2I,1
zT3XWMenPC8,1
zT3XWMenPC8,10
AlYkVxI6ihk,1
O9p_7ei08jU,1
O9p_7ei08jU,15
O9p_7ei08jU,48
lbNZ5wmdOnQ,1
lbNZ5wmdOnQ,17
u7w2QcYIqr0,1
Zex-61IFWfM,1
Zex-61IFWfM,15
ofT8tHUZ40w,54
iDeRxVo024E,113
DiCmcuRRNz4,52
G0dHNb-JXPU,all
Z6TZSA2TIcU,44
x8rVu5YOdZE,all
9YUX9SysWA8,1
9YUX9SysWA8,50
9YUX9SysWA8,62
ae8XZfLjB_Q,1
jR9Yp18I4Lk,1
DyrWwrKut2U,1
wIkIm8wRC8U,3
2s7iJiC69eo,6
KCSJxxTpqmo,1
GYmYhlKhb2Q,2
24HIyTjRYFw,2
pjaKtIvocmY,1
UHP0QFDw51g,48
Xg5ZE-CcP9o,55
_BAiSeuNsPI,1
_BAiSeuNsPI,16
_BAiSeuNsPI,50
GqXPqg3ttf4,1
GqXPqg3ttf4,12
iZI-lsdH_rE,1
iZI-lsdH_rE,13
rw_-eE9tNkA,1
rw_-eE9tNkA,17
MVwj8cgWYrc,48
MVwj8cgWYrc,61
bE44jQEmcyk,1
bE44jQEmcyk,16
A3WNGpfsUwU,1
8V6XjPejxgA,1
QqOrBwVMChI,85
XANxC9622d4,1
XANxC9622d4,12
PZfVJSv-Kn4,1
PZfVJSv-Kn4,10
TItAwdFco5Q,9
wcjZ5rq-0Kk,1
qTn-dUwg3Z0,1
qTn-dUwg3Z0,14
qTn-dUwg3Z0,62
is-15TKf8RU,1
FwdcmD7OBKo,1
FwdcmD7OBKo,13
D2CumnotoZ4,1
D2CumnotoZ4,8
T5H6aPNyIsU,1
T5H6aPNyIsU,12
L8oY1W13i7E,9
L8oY1W13i7E,19
aqN_L-bJVZY,1
NC3laF2k9n4,4
zMETxDC5UTg,2
x-C3tc17a70,1
rCrPd6wO5tg,1
kRRkG8wqn_w,1
sxtxzqDDKho,1
QI69dclId5s,9
I2CDUFLiu_k,10
gR90oPtb2Cs,1
JJ9CkEKy2Ws,1
H_tDtakhU3k,8
ZG2uB1EmNzw,5
ANdLs4a7Qig,1
ANdLs4a7Qig,24
UbjzXKvt59M,1
XpENAsu0M8U,1
peEKL18an3o,1
peEKL18an3o,9
5HY5SO1EP7M,1
5HY5SO1EP7M,11
0oVBDpkAwAQ,1
0oVBDpkAwAQ,13
dlD4INJiyrw,11
VehQBzZQt98,31
VehQBzZQt98,51
pMBVcos_B6E,1
1av5m9Gady0,1
1av5m9Gady0,14
rWGw4P0vlqM,1
rWGw4P0vlqM,11
w7BGMcKhULE,1
w7BGMcKhULE,10
4R0DkG3Ahis,5
DKf7ACtjzTQ,1
DKf7ACtjzTQ,12
uCBK9m8jBnU,1
_ug1bCpE3kw,7
SNmGBpx8xMY,7
dr5SFUvBerw,1
vsIpyvxjaHQ,1
7t6dJ5omIu4,4
cCMTmAdO3hc,1
ZdMJAj5fJfA,1
ZdMJAj5fJfA,25
PJe6TjpeSic,13
PJe6TjpeSic,23
0H90ZRp9K-0,54
mZDdzJBvne0,3
wZlud9pZJZw,1
SGsypI11hkg,1
zveUmfZkJVo,1
xezLGwDt2nI,1
xezLGwDt2nI,20
xezLGwDt2nI,34
KGXtZ0OBkmU,8
KGXtZ0OBkmU,22
qxMZedgEDw8,1
Q51Kc37cZII,1
nFeUM8VNlms,10
nFeUM8VNlms,61
nFeUM8VNlms,94
IiH6T5z4_sA,7
slmqR3P4EfU,1
11MlMEP5x1c,1
cv9HMh0SPv4,5
cv9HMh0SPv4,16
5NM_HgzOZFk,1
5NM_HgzOZFk,17
5NM_HgzOZFk,39
5NM_HgzOZFk,53
WEH_-KaCLwU,7
ApuYMcQN6hQ,all
diUELJKVSe0,1
diUELJKVSe0,21
WIdgEEXgFUg,1
WIdgEEXgFUg,12
4I9u0EvoiUE,1
4I9u0EvoiUE,18
z86zYv2sQZo,11
z86zYv2sQZo,22
z86zYv2sQZo,60
DBHOcKrOU9k,1
DBHOcKrOU9k,9
9QawMjoyFPY,1
9QawMjoyFPY,21
QgwOBQ63iXk,1
QgwOBQ63iXk,14
Bxal3fKLQ7A,1
Bxal3fKLQ7A,12
XfsdJB3pyWE,1
XfsdJB3pyWE,19
eqeCSDgQ_Wg,1
eqeCSDgQ_Wg,16
V9b2PiIT2EQ,1
V9b2PiIT2EQ,24
HcjJNV14ly0,1
HcjJNV14ly0,13
HcjJNV14ly0,112
458oWEnnBxc,1
1bmhOhTErzk,1
log21y-Va2k,1
log21y-Va2k,17
5QrvXQMq8IQ,1
5QrvXQMq8IQ,15
23iz6AcKszE,1
23iz6AcKszE,10
RJ_la_vGfNI,1
RJ_la_vGfNI,14
d_RXMq2_Gs8,1
g1AgMp9wfi0,5
wvYi5ytSC7A,4
xnX10grqdFg,123
Mvw7yr3FP54,1
m9w7Gm2_0fU,2
zXEl6KD3aU0,all
gVjlrvXxAnc,12
nrzD_NsbcJc,20
nrzD_NsbcJc,30
9MNN3HXRgHM,1
9MNN3HXRgHM,16
zNl0pPvirkc,1
rZ0pQo-1DPU,1
yGuokK7BF54,1
3w-m4xv5pB8,1
3w-m4xv5pB8,21
800ZREXPQls,1
800ZREXPQls,76
mnBC_zSq0Rw,1
Jmv8Jh_-qsg,1
fd4NRjKPoQw,10
fEYd7DW4f-0,5
UagcYDyhsU0,2
hySqh-7MOjM,15
hySqh-7MOjM,36
hySqh-7MOjM,44
U9HuuZF31Po,12
xB2XU6kDCkc,1
xB2XU6kDCkc,51
6EcHKrjaNds,all
fdVGioJnWzM,1
MJ30rijIqSA,1
MJ30rijIqSA,10
4o_OluSnuv4,6
TEEIHTc8qhI,1
G8JOqM2dEi4,1
G8JOqM2dEi4,11
WwPRgMNljwQ,1
p-VFQA0YO8Y,6
g90fY5CMzCo,7
uZjk5XLaTG8,1
GcVPnuhZ4uQ,1
2AQg_oNsiLM,1
n--cfdsgqNc,7
y51sKv3gQrs,1
VjywwfrUZF0,1
VjywwfrUZF0,18
gHDMOW-H6lI,1
gHDMOW-H6lI,16
FAHMgIebf0I,1
jzFU6b9aIGs,1
jzFU6b9aIGs,13
ALIvfWyexgo,1
ALIvfWyexgo,18
rlG-iK24JvY,1
rlG-iK24JvY,10
Vm3xy3_82us,9
OZ-cIpiuLWk,8
jdXR93LRwqE,45
jdXR93LRwqE,82
lNtAbSIYKy8,9
noE-XhLBylo,1
rSrkLS7m5ps,all
ZMF_uwSGt3U,1
j7wuSgrfZqY,7
j7wuSgrfZqY,25
0PSN4f4qCGQ,1
F6Sw0gZg6XU,1
OYXg65Jq71A,25
oG6BxZ9zYks,1
S-c4cCr0cFs,1
_e_mErHsylQ,1
_e_mErHsylQ,80
aztmdjQK8Kg,11
CWi2UUN4G8U,7
vX1zdeCKmSs,1
fyjYs_N0r_o,all
u7Ktz0g0Two,9
u7Ktz0g0Two,23
Y9Ci77LP3Jw,1
_SGdEVzDswU,1
AjambJc8_EI,1
AjambJc8_EI,34
1qAtJvx8o2Y,103
_5J2oD1ZgUY,1
N8L8CXqKVpw,1
cUUZyr-gAOo,1
cUUZyr-gAOo,22
VY8hhIYcuI8,1
brQ41dJCw84,1
brQ41dJCw84,32
OJVVwPMlZ_Q,9
UcSQb6mabpI,1
MtcaAL3sJGI,1
aW_t9ff6kx0,1
gJdGRwvlGmU,1
0w8a3rgehBI,1
0w8a3rgehBI,10
a8UdIn9nEXY,1
a8UdIn9nEXY,9
368sI3PEu3c,1
Xk5HOOV0wf0,1
UizfHBcPhQQ,6
UizfHBcPhQQ,17
Exq4Wzndl9o,1
Exq4Wzndl9o,15
vMP3QQ0v9mU,8
vGqOswnENHg,1
wrsLkWpaX3I,all
soHQnIXw1OQ,6
soHQnIXw1OQ,33
BafgqP31gDM,1
cwzmXiU3ce4,1
_KOiW9h1R7k,1
Oq4JvYRq274,1
Oq4JvYRq274,26
Oq4JvYRq274,46
Oq4JvYRq274,75
gPZTn36VYnI,1
hcBTUbIjMRE,3
hcBTUbIjMRE,12
tOz-am_zxW0,1
tOz-am_zxW0,18
tOz-am_zxW0,33
i41LYcPu1Ds,1
UNgy-ydiINk,11
NjUJguJcpd0,1
NjUJguJcpd0,47
NjUJguJcpd0,69
XcjbbE8mC-4,all
clLR87VokT4,1
clLR87VokT4,9
138UEYQB2Jc,1
138UEYQB2Jc,14
dL1T1NdrO-A,1
dL1T1NdrO-A,24
KKglNZA41_M,1
ntUZqoYvodU,1
ea9F5EiJvjo,1
_FoNO6g64iU,1
_FoNO6g64iU,13
j9UtU1qreMk,5
Jy4XewMEfuM,26
Jy4XewMEfuM,35
vMqK0bIEFrc,10
vMqK0bIEFrc,49
M2CAMwLkpb8,1
w8heGZsmg8k,1
9OrAP0R8rxU,1
xGOm9s76zyc,all
Q55Hq_xt554,65
Q55Hq_xt554,73
1msGRkAwbUA,4
1msGRkAwbUA,27
1msGRkAwbUA,40
1msGRkAwbUA,50
1msGRkAwbUA,60
1msGRkAwbUA,71
QvzCfDuZj80,95
9Xp7CJgNhDU,1
ZFfhT6ftoDw,15
ZFfhT6ftoDw,41
OwP76nwLmyc,all
r8hKJKbAf4g,791
uXBOpcCWl_U,21
JHzfVeE3cJo,90
JHzfVeE3cJo,197
YGGDsVH7ctk,11
YGGDsVH7ctk,346
jl0KDiNW8gM,38
qzKyMmLD0ik,54
5jlCWnfSPis,42
5jlCWnfSPis,67
WcWmPUJiUTY,80
e3tZ0DpT9ek,5
4wDnWA-Hz80,all
S0nDPeCoPOc,1
S0nDPeCoPOc,76
h-EKDh_l7vM,1
AfwNYeOboXE,64
SoTvMjw5RLk,2
xG0B3JWlYGM,5
m1NkunwEi6M,all
mwSRhd60Hu0,61
mwSRhd60Hu0,100
mwSRhd60Hu0,202
mQsp16UGA-0,69
6yly-Kw_PeE,1
y0S9sEehBGg,all
Mmm4ARjWAzg,all
itviourqOXM,all
IvJPFXt7WWU,1
C_ru8-11d7o,87
0mUi3xvlRo8,1
_WC-2WWBYOQ,10
_WC-2WWBYOQ,44
_WC-2WWBYOQ,80
rkSIIV8HAuU,30
n8JJ3fy8sNo,1
JKhB2wesWWI,2
vemeibyndmI,1
vemeibyndmI,14
ZDRSAPbTgMc,10
C9sxCPdG5rs,6
4MkXvDc0P_Q,1
L5XrJTle0XA,17
lBBzXcbNehY,16
x4d_fezGrSs,1
fUrfN82gr58,1
2OxIsBez4HE,1
2OxIsBez4HE,16
9oYN-UjXTmI,all
XkoBczcMLIU,10
YXRZdoDG_ns,14
2TEnJqjP4v4,2
Z3IhJdQ-Vl8,5
Z3IhJdQ-Vl8,25
uxLQvrePXYE,1
uxLQvrePXYE,32
uxLQvrePXYE,67
uxLQvrePXYE,81
VANK-xZ_dkk,1
uzpcykKu-mg,1
8IayPUih1Ww,1
8IayPUih1Ww,21
FlFVpw6tVfk,10
iV4fgjgrCvc,1
8eDWlUjG36k,1
8eDWlUjG36k,23
UN5QPvVek74,1
4OdOKBGbfCM,1
iBUH_aMsg5A,1
RqOm--6PAVk,7
CFoyGrQysYM,85
-Wph4wNLoy8,1
wajH1ZHY2nA,all
4X8J9KLL1Fo,45
N1eC19nYIoY,1
Lmkp8OjaM3w,1
Lmkp8OjaM3w,11
HQWiroCzwCM,1
-vDLDZSpUoA,1
-vDLDZSpUoA,11
5Gx2jp6r14g,19
k_n_nYzeK0o,1
k_n_nYzeK0o,13
NR-9idCJhEg,11
FMEDZa8QWu0,1
FMEDZa8QWu0,20
Ngn6oYCd7cU,1
_qQm2eeXuzg,1
kj9YF5jEEq0,1
kj9YF5jEEq0,14
PKg22oV5BJA,1
gXAV7jwOpv0,1
gXAV7jwOpv0,21
e5L704bUol8,1
e5L704bUol8,9
UudycC98EZw,1
J4e8AJc5y5w,1
J4e8AJc5y5w,11
4LUABfyW7EM,1
4LUABfyW7EM,11
ARqCMmj-tEk,1
tUn0OTvPwgE,1
Xz_bkAtcHBE,1
2_5IulW7HNU,1
YcURWMyUGlQ,1
YcURWMyUGlQ,9
QPq4xFnEjW8,1
XD-xDFCRHxM,1
c63sFJo_WYg,1
QjDkThXG414,1
QjDkThXG414,11
dKpWFyM4dsk,1
dKpWFyM4dsk,21
Taw8jngPigI,140
XLsqc6HxamY,all
8cHms6Zk5IY,1
gdFg8YCs26E,1
gdFg8YCs26E,124
Y-zHfjEJJ9E,33
25aHxjMBAPE,1
cz65546cbDk,1
tJNmt2gTZ7M,2
GkyevCS-g5g,1
GkyevCS-g5g,16
uthyPanskGw,1
X7qQnNRX3fg,1
X7qQnNRX3fg,27
X7qQnNRX3fg,43
tBqxHXVruYA,1
tXX3Kc_vCGE,1
aVeERWg8_4I,1
8b32m4L9Bzs,1
oSKL9zIFK6E,1
rddEGpqKMaw,1
pVWqrGj290I,10
pVWqrGj290I,30
bb47ucyJlXY,1
hOWqk1BFWiw,8
O79qXzKicbc,65
LcR0HCDsFJE,all
LLLpNN6GK5g,1
LLLpNN6GK5g,23
UJGbNlHqHgw,1
ocRmXWsm6vI,1
ocRmXWsm6vI,22
0gx3YLdNoQQ,1
0gx3YLdNoQQ,12
0gx3YLdNoQQ,58
8mHp17f87s8,119
dUut26SPtMs,1
dUut26SPtMs,34
TJeOtcBMiMM,1
HDrfM_brxVg,1
uFL42V07mx0,1
uFL42V07mx0,14
O_K3nwvXDWg,13
O_K3nwvXDWg,32
789hePy5pFY,1
yJm5BkO2mXE,1
vEjyFNeyXfE,1
DhBwubsq-c8,1
DhBwubsq-c8,15
6nPXF95go4M,5
eWvVnthn_L4,1
PU0cVTjI--I,1
PU0cVTjI--I,18
YWNdwed41Hw,1
licOrEEB2Uk,1
licOrEEB2Uk,12
IBclAPZHKdQ,1
Tma-Gb1voPc,1
Tma-Gb1voPc,10
JY-CNG7NDjw,1
JY-CNG7NDjw,12
MifFVTxZonk,1
FJiTCM0cfF8,1
FJiTCM0cfF8,20
l4HXJdMKh-I,1
l4HXJdMKh-I,9
kwSWxS2whxw,1
onO5zCWZbD8,1
onO5zCWZbD8,13
onO5zCWZbD8,140
onO5zCWZbD8,156
_wObeXDlShU,1
_wObeXDlShU,25
cA7ZS3qOPaU,1
cA7ZS3qOPaU,13
TZBt7X6Hbdk,13
TZBt7X6Hbdk,24
Ar_XqDpvMVY,45
Ar_XqDpvMVY,62
WBUdbr8ErfI,109
ioLwegym2JQ,1
_2MHJ-MfRWo,114
7tKH1RSR0g8,all
IAm3bDppkXk,1
6KVuham_xH8,1
6KVuham_xH8,29
eainT5JxuLI,3
eainT5JxuLI,12
Xj1YquSpTU4,1
M7pAr_5MnsM,1
FVFsZEco71s,1
mcKI5JD3GmA,1
b0bkML1_qjI,1
DDgc0VW5qu8,1
7IlgfdbQIvU,144
8FpJbLEkiew,1
6AG2SqKyMVk,1
7Vk4MBfbVkM,1
C6Xv4McasLY,1
OL60-KaZmNw,1
OL60-KaZmNw,38
SRvewl13rMg,1
UNyfO9nSAHg,1
vH8YGNf-NFg,4
irFVzlbYYfQ,2
bgaqWq56X6w,1
7Vs-u2wtISM,1
GTLZh222q7A,10
Q2LFGwVYaV4,1
Q2LFGwVYaV4,11
WQB9eP15Q1s,1
WQB9eP15Q1s,10
D3C1rbhXFSA,1
3H4YY2DeQR0,1
klBVKiyZdt0,1
klBVKiyZdt0,22
S-j1d3zQaOg,1
rgmTnQ2gbjI,1
qnacd2leqao,1
mgrkik-mszs,8
FVsE8YDsG74,49
fiMd8X_NrP8,129
3onLm-a8x84,1
jzolH0ZUMkg,10
TqiBJF-g1Dw,6
Y5v7fUF-_BY,1
DTxThBEpld4,1
NW1aY2Iz2WA,1
kwR1B8XEmAQ,7
FKgtikSLqUo,31
hxZVAnbziXc,20
hxZVAnbziXc,73
hxZVAnbziXc,81
9JgK4hnojGQ,1
chASeMWL4_U,1
iEOh1LkX6Is,8
8n9Z1zwyha0,3
Qp7TCqySNtU,8
Qp7TCqySNtU,29
I-u5vBhH4Go,100
hGQPSKwj0aU,38
_paxhr-TRak,80
rLVm4AvESqo,1
jIIReaUudp8,1
jIIReaUudp8,9
Dy0_gxH7UUY,2
Dy0_gxH7UUY,24
3y13l-17zis,1
3uxeLYximRI,1
3uxeLYximRI,12
eyNIQoNhC3A,1
eyNIQoNhC3A,12
xBO2dEkpw0I,8
vOAGPXRMIpU,25
glllyYRz5qU,1
RyOBeugoxHg,1
VGFTulEjjHs,1
VGFTulEjjHs,10
chr4boF9UAY,1
IedhiNyLAoo,1
IedhiNyLAoo,10
wSNehZq65gM,1
wSNehZq65gM,10
_jicAE55zK4,1
_jicAE55zK4,10
6ANHw7dpHCg,1
6ANHw7dpHCg,11
2V5bMNxxu1c,1
2V5bMNxxu1c,11
2V5bMNxxu1c,116
3_6P4NrDV-0,2
3_6P4NrDV-0,14
smi8QW0qrbo,1
v8PoNivFSlo,1
v8PoNivFSlo,21
cexBuJCfRso,1
cexBuJCfRso,15
S2iSiajOyX4,1
S2iSiajOyX4,13
S2iSiajOyX4,26
kwnwGu9X4ew,1
kwnwGu9X4ew,12
kwnwGu9X4ew,23
NxxmqJG1p9U,34
CWjr2UQiX-E,52
plAuHPxcSI8,47
lANlDTC97vE,24
yWg5nALt-Ek,1
XdMtkCSdGJg,2
hINobjAXXAc,2
n4glXl1Pbfo,1
PKYRxO7EzEw,1
yVlQWdXLvEo,12
X0AkpDYEEYY,1
kPUH32Y692I,1
sZeQ2qaIgAc,1
9OSoBhiEkMc,4
djkbb9tljNY,4
yYsX69fecfM,4
b3veY0AAw6w,56
b3veY0AAw6w,68
b3veY0AAw6w,115
b3veY0AAw6w,127
b3veY0AAw6w,161
b3veY0AAw6w,171
yueHNIyRRwI,1
hDGwKrv2zmc,12
sF2crrqCDSk,1
LHzspk3oK9Q,1
LOW9msu2OCo,all
EFV9vx5Mzio,1
EFV9vx5Mzio,17
KO7Lx1zYbo8,1
KO7Lx1zYbo8,8
Wz3uIvEkBtc,1
UT-Lp-hYYeg,1
UT-Lp-hYYeg,77
WTv2OS5W7zE,1
S0rZ4nkWPho,1
S0rZ4nkWPho,11
vWFISE4ND7o,7
5GGqI66wbYk,2
5GGqI66wbYk,79
mw6eReTlZFE,1
kXROEPs0bH0,8
chwXNT5zO6g,1
chwXNT5zO6g,14
hIeM5II3-xQ,1
hIeM5II3-xQ,12
txvoOogbA3U,1
bUczSbI7Y2U,52
tI-OpzRjFRU,1
Mte_KcikG0g,6
n3bIkLk_Evs,1
s3dw-VIzIOY,1
s3dw-VIzIOY,97
4fEBuGuPY_I,1
bL4xZuOvMig,17
8a3ogBCAQtE,1
Rp9E6FFxNZQ,1
fClQEeoueJo,1
A7RPeF0LAks,1
ZyWkpZ1KnsU,1
ZyWkpZ1KnsU,45
eRvI6kyc344,8
3TnSbCJV_EQ,14
toMjJVVTeeQ,3
wDRnratrUmE,27
D5gTH22k--U,26
e-WUygBE4vQ,75
dXxC4FLn23o,all
7mDyK4BPqBg,1
VIc7ln2VHAA,2
VIc7ln2VHAA,140
RgTpYE2Y1P0,1
M8tuhpY78fU,1
IDGYXDF8g94,1
IDGYXDF8g94,17
eFdby1fbZYQ,4
eFdby1fbZYQ,20
lNT7RKj9Ja0,117
1Tm2-ez7ceY,1
1Tm2-ez7ceY,23
1Tm2-ez7ceY,41
akz8mISWS68,1
akz8mISWS68,15
akz8mISWS68,58
GmFt-hFlbNo,1
GmFt-hFlbNo,21
mw6eReTlZFE,23
TuhaShUTUO0,1
TuhaShUTUO0,14
9iOv-1Me55E,8
LQKRIz1Waas,1
LQKRIz1Waas,15
4WxW7vWjQt8,12
Xzu5_DpYCsA,1
r97d16-hr_U,1
izGeKWNHbCM,7
iqwcCyYNRTs,5
HhSrIWZZ9Ew,6
AuwXPhQhNmE,1
AuwXPhQhNmE,14
_t0OvVQDUxk,1
5qKrxMMsZoE,1
T932w__b5Rw,1
T932w__b5Rw,13
uh1DwCf2ITI,7
_vvkYl3Z8ZM,15
3zsFVYbt7MM,1
3zsFVYbt7MM,10
8PRvTtRzPJs,13
FGkiBQ6BZ2Q,81
FGkiBQ6BZ2Q,107
7FCWQRbYwoA,all
m1cHI8hp4Xo,1
m1cHI8hp4Xo,29
v42CuIM4p6Y,1
v42CuIM4p6Y,82
4syNRLQ2KQY,6
8mCXRcNlwqc,1
hf_P_BU4jHk,1
uzZw7wdjH6s,1
BD7QicSNpxk,1
5xdEfrjTwB4,7
-JRXF_Z22fg,1
OL9hYOFRADo,1
OL9hYOFRADo,12
CXYDRqYLx-U,2
96cmgfA1aYc,1
RxSpwoxfFiA,7
RxSpwoxfFiA,27
esqIt84IlXc,17
LJW6JlK5aUI,16
JaJx7OefXLc,2
JaJx7OefXLc,16
eYrlWjeyErU,1
eYrlWjeyErU,20
kSRicPkgkEw,1
kjLrQhoJXBY,1
kjLrQhoJXBY,12
ybYc_rIekOs,all
BLqU9siMWrw,1
VjHHaJPaj9w,1
xYmLVII4Lg8,1
MxUACjWoZEM,1
MxUACjWoZEM,19
0P2RYFbDvFc,1
0P2RYFbDvFc,40
1PMhTBGoJXw,1
1PMhTBGoJXw,9
cX-rIOqOtiI,1
AMssW9Kyl1o,1
AMssW9Kyl1o,13
eNU4GNXP0vo,1
njkJPr3fGFU,1
njkJPr3fGFU,11
oEJR2urRA1Q,2
oEJR2urRA1Q,26
rNsELTWayHw,1
CsWgRC3mCj8,1
ETS_X6s_Gac,1
ZPT2E8wkHfY,1
Lk3qrrRK2b4,1
cDhJXn1iuDs,1
UpDAQWLoR30,1
iQiFGFpg0h8,1
iQiFGFpg0h8,16
WIJ0isBCXos,1
cKYH2clKIpo,1
btFF6YxQr6M,1
btFF6YxQr6M,15
btFF6YxQr6M,45
qDdnwiGhjCY,15
qDdnwiGhjCY,48
Ro7zr-aW9jY,21
u-mgGS6tz7I,all
XX3EnC_m5KI,13
d_uyKjtbBG8,16
Gv2vdJtwHL4,5
JEQbss6wu7o,7
3pTEdPLCfqo,1
BG9US1VfmPg,1
BG9US1VfmPg,10
kMhJOGF_b10,1
hQUX3OJw3CE,1
TM2wqQuRrY0,1
TM2wqQuRrY0,13
eNb8p31_Iww,1
dqKyn8b0nzU,1
dqKyn8b0nzU,28
EHaXfiwT81Q,1
ftsA6Kvmok0,7
zp0-6P3wNvY,1
zp0-6P3wNvY,19
stRpv4SqgBA,1
IW_oU3X79f4,1
IW_oU3X79f4,29
4s24H9RPBwM,1
4s24H9RPBwM,14
Jcb0bQCh_TM,8
wmzTrTbmrI8,1
HFm8CsUIcNQ,3
HFm8CsUIcNQ,74
_zt3WJJlItA,all
VCkXwO2DAhE,32
6SkRz-8ovdE,1
tfWuWo5hh-Q,143
-TEGEhtBRgA,1
g9NUo4skCtY,1
g9NUo4skCtY,145
R4cOb5pjRHM,1
BtIyGd6goZw,8
I8KFWIkwiNM,1
0W6OIzOEois,1
WXB-xUS3AKk,8
CAlYToUxHGY,2
8AMHqzLvP74,2
D6HlxlXkjWY,61
ULWVCPJdk-E,28
P02p5T_-Jq8,1
P02p5T_-Jq8,11
48iLTEoObkw,1
G2EvJOyuqWw,9
OgDq9yFUJNE,1
OgDq9yFUJNE,13
dw6vm5DpOoE,1
ZDIF3EPHiiA,1
Xs69gUQKNhc,1
Xs69gUQKNhc,11
d4Q-0ScmNHs,11
ualfTJ-8EDM,1
9pH5rrZotSs,1
hddPD7_wFFg,1
hddPD7_wFFg,10
hddPD7_wFFg,28
hddPD7_wFFg,50
hddPD7_wFFg,90
L8LXpaWVgFE,15
L8LXpaWVgFE,37
K0i4DeVLamY,1
K0i4DeVLamY,12
WfMkOzOX5tw,1
WfMkOzOX5tw,17
QQKmEHdB7C0,8
bO3PLGRsalI,70
eCnNy7P_YQU,1
ve-zS3biCJM,1
XsQS8AGaNI0,9
qoFXw3r-CTY,1
qoFXw3r-CTY,18
nDDXtWMgrYY,1
lI4Zu7fd6kc,1
lI4Zu7fd6kc,10
tm_q7L7M1ww,1
IOIGWijErY8,8
G_CMYMYO1_M,1
G_CMYMYO1_M,13
rQPNQo5juwQ,45
NOQrFmhISck,1
NOQrFmhISck,143
axV1lySaxwI,1
axV1lySaxwI,22
D13B--5hGOo,1
D13B--5hGOo,38
PHT9vz8W3nE,8
BAWhG94NcHQ,2
HqsoNHvTeBk,1
9fZ9f3i54XM,8
HOrLG6qz4XE,1
f2mSvFxvThk,1
oMREE_r4uAY,1
S4idYo37A-k,2
s1J8EmZOLdM,4
e2n1pdS_WZc,1
e2n1pdS_WZc,14
whNGOf7_6pE,6
Kv2I-C5Bz2c,11
51W0bb4ZvVA,1
PGhRXMi8P6U,1
fjyZ0Abx2W0,1
-pD7N3rbfAU,1
-pD7N3rbfAU,11
Rtxp-quMqrs,1
aF--hL_xG1M,1
YYKCBHaMcko,1
Mlk0gunAEIk,1
EcrQBrgJKbY,44
hodTLVZILt0,13
kVboeJRWEtI,1
kVboeJRWEtI,15
GTv6Dh-9Jxo,2
XFUCRWUBr6o,1
cTV5mV2gh7w,1
cTV5mV2gh7w,15
ME4anz_je7s,1
aSE9IDLYxAA,1
ONqQLE9cYYw,1
eoQF_ZZGrYc,1
QFBlrlDAKOY,1
2aNhQjv1AI0,all
_llp9OMXUts,1
_llp9OMXUts,12
8kSgNvJFDpw,1
G_92zMDrDvg,1
tc8gVt5I_cU,1
kV_qcieYPRQ,1
kV_qcieYPRQ,19
CF6eTT6m_I8,1
HgQBpzdIV1g,1
dMYl8gGPPnk,12
dMYl8gGPPnk,38
JmqcdyQGahw,1
JmqcdyQGahw,17
j2JwtO6TjfQ,1
-bZ5jvwCdog,84
xXq0puBtndM,1
xXq0puBtndM,14
xXq0puBtndM,28
Hd87xZmRsvU,1
Hd87xZmRsvU,13
KqlCfRR7MOo,1
KqlCfRR7MOo,13
BMlUn5j_5cI,1
BMlUn5j_5cI,13
Z5hfkMHGbos,6
m1NoBnVKkiY,1
m1NoBnVKkiY,14
zHfBjcJE9kA,17
BjxXohTUMxo,35
FrPJITLi2OA,29
Qg99eVbthTQ,67
ndJeobsVv34,1
XJYifXRlkxA,all
9OVtXXobdRI,1
JhG36WFzsII,2
ax_CawzbPIY,14
Ovq6Wz7RgRg,1
Ovq6Wz7RgRg,25
WbQw-bk3qS0,1
nie2yyQxVoU,1
4CM-98Pp9jo,1
cwee8tW1OZE,1
a1uBm9vI0Eo,1
v3ApStxecxA,99
CJnTYz7Ctlc,7
nPpVDlJowIA,1
cVBk3EtZCnY,all
n8RvO_8YH6U,1
n8RvO_8YH6U,11
GVlzgvqhl9U,1
64dwsUxqoIw,8
Q0XaRLFaSuw,9
oYAUZHCD16Y,1
Hf6LYCSzLKE,12
3T_Zz6QjaVw,1
3T_Zz6QjaVw,10
HegY1e-iyIk,13
8b5E3jRXBQ4,1
uOTQCPTwNU8,41
6C7bEr7i2VM,1
6C7bEr7i2VM,13
NSQociC3AMk,1
gEMWimI7618,1
fnre0wnXTtI,1
_m3ezXN70Ys,1
DZ2BETnjkj8,4
IpOnw3SCb54,1
vSBcK_O1itM,2
dpbaEFiuR0c,3
dMMaaeHrUZA,1
1_nCsgdYkkk,1
OX3Q6-mhPgM,1
muxfCKZ9OiU,1
muxfCKZ9OiU,25
jyUv6N5vTi8,1
-too0nAIW1w,1
Wmi0E2jtNhI,83
vxD3dDZMOmg,42
IUcq8CpNZFU,1
eBGvYN2VVA0,1
nqH9-OZF-jw,1
nqH9-OZF-jw,33
lTdg9f3x_vY,1
lTdg9f3x_vY,63
vwZTkTJMQ0U,44
juKoHTulU9Y,all
hBxIZOFmopM,1
hBxIZOFmopM,18
B7miqGGqazY,1
XtUAv1O1XoM,1
wICZeTzFbOE,1
wICZeTzFbOE,15
Puzl1d2TGv8,1
Puzl1d2TGv8,15
VxCJPq0-sI0,1
VxCJPq0-sI0,11
2X_DXv1kHYo,13
BQm_il4RZZg,1
BQm_il4RZZg,13
jl-i3U5cqKI,1
jl-i3U5cqKI,71
xVf7MxWSr0o,1
xVf7MxWSr0o,11
7Yz6UyRW-6s,1
7Yz6UyRW-6s,19
s_rgX6ZY-eI,1
s_rgX6ZY-eI,13
s_rgX6ZY-eI,107
ER0YsKXqkE0,7
bFbh6jgbTA4,1
acm1C5lhG9A,1
acm1C5lhG9A,12
Ti5ML1xUkxg,1
Ti5ML1xUkxg,16
Ti5ML1xUkxg,63
JOfHipzN3iY,1
C0axEceo2Ls,1
C0axEceo2Ls,22
lf7nshnRV5g,1
lf7nshnRV5g,17
LOi348gI0xs,7
GxBbwIQGD8E,1
GxBbwIQGD8E,9
Nm-cT0D263Y,6
Nm-cT0D263Y,17
S1Beq3k31og,49
j9s5bj3flb4,42
j9s5bj3flb4,99
yzmFtpTSEgY,68
O2a83YiMs8k,41
O2a83YiMs8k,89
SaTdk7_iim0,47
SaTdk7_iim0,88
8C-v2CfokjU,all
Tryzp1zWse0,2
LJIMX0ps5bM,1
9RI7sRsmuE0,1
9RI7sRsmuE0,43
-NIkhm4st0o,1
Yeesvpmx3Hw,1
Yeesvpmx3Hw,21
l8jjw0NKD3Y,1
ULMZZjXx218,all
Qn0KIePxRdc,84
-EMrDMVrjNA,1
EyQxVq7dviU,1
EyQxVq7dviU,23
CmWe2COYFhU,1
CmWe2COYFhU,11
tg-bie4o7tQ,1
Lcrvi7QZ14Y,1
RjatzLjO24U,2
POVOPLLHOnc,2
NnKbg2sv1PU,2
RfmemkVjo3w,4
3l6TFHdh01I,1
3l6TFHdh01I,16
28441_BMKNM,107
28441_BMKNM,117
P6Xjwr28uGU,1
P6Xjwr28uGU,10
s1vrJVDZAA8,1
iQmGFCKjhoo,1
N6wSQqdbhb8,1
LHOZhrDS1yI,6
wbblZciqFTo,1
lOrJnm1l77s,1
lOrJnm1l77s,12
t7ijPzilR2g,1
t7ijPzilR2g,19
kQJUbJpYwyc,1
kQJUbJpYwyc,20
aHXoGsn_eDY,54
2IhA3iZWSvw,1
TIBG8Cjx5Vc,11
uIEQbVYItSQ,1
uIEQbVYItSQ,17
zk-_lgFjc-w,1
zk-_lgFjc-w,13
N8x3Eu0YujM,1
N8x3Eu0YujM,10
P2pJpXFx6cw,1
xB9NdNCclb4,1
LVrRWlNePC4,15
ON2pAfBMBBg,1
ON2pAfBMBBg,14
K04anw6c2p8,1
K04anw6c2p8,15
K04anw6c2p8,62
5SII6pqZMgg,1
5SII6pqZMgg,15
492AqSkhwPw,1
492AqSkhwPw,9
NOiCFhQNlMA,32
NOiCFhQNlMA,53
Kbc6IkeLlfk,27
Kbc6IkeLlfk,46
I-3o0nCU8v8,all
fgVHFktdkU0,all
UwBrsp6YZgM,1
XVQ2b2znNpA,1
OaHTTtiTycA,1
bJc0tWCprOk,1
TFGzP4Nesgo,1
TFGzP4Nesgo,82
9pE0DidhydI,1
ibniekhx4f0,1
nhf3e_UWQmY,1
nhf3e_UWQmY,8
MyNbnRImK3k,1
MyNbnRImK3k,15
qflMygZw8M0,1
4QHdXMTw1qM,1
Oz_emyWwKfM,1
iW-3v1K8jGw,1
EorAcVomiLs,2
tmf2nIWDU3Y,11
4svub7bIr9k,3
c5g9Q1rplBo,all
AB0WbT_IfXY,6
9AjdfXlCEd8,3
IciadnLhYLQ,1
IciadnLhYLQ,16
kuXL8W8P9VU,1
kuXL8W8P9VU,18
_CQSDQRkOxA,1
YCrxnpKlnR8,1
YCrxnpKlnR8,10
zv30bM2uro0,1
hJT9ZJnaLzg,1
mznTsOObtMA,1
mznTsOObtMA,11
fHFAuD2Ok1c,1
fHFAuD2Ok1c,10
mecfaPWFPH0,1
mecfaPWFPH0,19
bzUHHSTkPsM,1
bzUHHSTkPsM,17
9F7ynzm4tTg,1
9F7ynzm4tTg,18
0gtnhgo6O74,1
0gtnhgo6O74,14
39wd10PHNzI,1
39wd10PHNzI,15
OvHw0FqMcHE,1
OvHw0FqMcHE,13
4JZv6XnmZo8,1
0a_BpD1fFD4,1
t3cXfUQkEcs,1
t3cXfUQkEcs,13
4SeBv9bYRL8,1
cR-kQZ-Kgr4,1
sHuLRo6fWBU,1
sHuLRo6fWBU,10
o1RVz4Odyks,1
MCYUuezRMJk,1
MCYUuezRMJk,13
AJc1i4vRQHs,14
AJc1i4vRQHs,40
d-mOkT2HdRA,1
d-mOkT2HdRA,13
wiEKZoHyijE,1
wiEKZoHyijE,13
QQL1Rv2FZb8,1
JMmNT6Aauq0,all
uSFoKH2WJKk,24
Hxp3E9sOk7Q,20
Hxp3E9sOk7Q,32
ss4obpuI0b8,74
MDoT5sO0GmM,27
MDoT5sO0GmM,42
30VBrKICXIw,61
30VBrKICXIw,99
KRGqLZxH1lQ,40
KyUDqtPRt7s,all
HuUKDDqWkdo,24
GSoXMfGqU_4,all
J6tfVDFJoos,37
J6tfVDFJoos,50
J6tfVDFJoos,69
J6tfVDFJoos,78
J6tfVDFJoos,91
J6tfVDFJoos,218
dMfvHQusk8I,all
NB8ZCWVR8CM,1
YOoXd0iqpHY,7
MowN2DpdPeI,63
3iLLKNRwY3g,1
DSyAAhqXu8A,4
2-wCQLV65Qg,2
WNjLC83E8mI,67
aAR9EVabaH0,24
aAR9EVabaH0,32
BK_Qyg-3x4g,all
XjC2Mho-CLA,all
UFAT8zCMbiI,40
5i8eUQy-pcE,31
mZfr-mr2fA0,20
FjWcEydYLtg,89
JFZnBGTw9vw,23
WnAd2vcCGGQ,35
Wf67ybtyfKw,all
crVIu2rY5qw,80
reKUp_RhvbQ,106
pIDluEFVLjU,22
IQdwWLUxffg,23
2xqWv-q8qig,75
ARFDKklUQuQ,142
VLP11ezCgts,23
VF9P2XVNhZo,all
8mFpYztcSdQ,21
___LCXugDUE,21
EonEVC4_MW4,25
tJrZkhpyfyM,36
tJrZkhpyfyM,57
WO6Mc19-K6M,all
QjYQEO9uSIE,21
nShvr2a3PFo,68
ZgKFCiXILtA,119
-WnxXruxErM,69
kqnSpt0_6_U,42
kqnSpt0_6_U,56
nFERQ19easQ,all
KsIzPostaMc,44
itMAeOL7dqU,24
itMAeOL7dqU,39
itMAeOL7dqU,52
itMAeOL7dqU,65
Dz_R8jardQY,22
iE2diuDGdwM,25
n46lJLrfC_g,116
Qmg61ZgiUnU,55
dsH4SJG5Z94,52
h0DealRAC6I,43
smHLx4ayvaI,41
GkHY_WHcEy0,116
emIWmD3siaY,69
emIWmD3siaY,102
_WyEfQZZiBw,23
LxpsrGdKzA4,107
7UJfO3Z3tZQ,70
vmvFpJcph3k,43
hhBr4-4WG0U,57
m2WSPq711_g,93
Se-Hg9AZmqw,27
3kuymfa7qxw,60
IwM2pXTN0AI,116
DlCkOXMExmY,25
WI09o4RJ8Co,20
WI09o4RJ8Co,37
0Oa1H8kCVqo,22
EkiT0Uwijg4,20
REgSKMxCCkQ,all
kOcK5EB4aEU,33
Dx9an2DBFkI,56
Rk7vC5zVewU,102
zzIsu4xSuxM,36
zzIsu4xSuxM,67
Zs4UIglyghA,29
yBZgckQekSk,34
PEayE_T9pqI,32
PEayE_T9pqI,41
2lbPg4elZHQ,24
2lbPg4elZHQ,34
ANltxkFaw4M,31
GFODXF58Afw,79
xgUJDSQNJ2M,35
9x5LTlgxsTA,20
G7b1iA6M5G0,79
DyYz2M777sQ,all
dEsWLrYE298,117
w3P_gG2swBw,23
lJFpK0EHVGo,71
sXhpku8pD2w,114
kfa_kOGBIP8,20
v3RN9a-g4MM,30
2MtZOLfEPwA,all
IVrygfjGVUI,32
IVrygfjGVUI,47
fSy5h7YkS0s,25
bPgTIFgJIdc,61
7aZvmvZv8Pc,36
7aZvmvZv8Pc,54
o6MkuOhihKE,all
YkwLKwi2YeI,27
RTo1Z7UZmsI,23
A-DMpZ4gRvA,24
KuEXau825MA,28
jgU-4dorlKc,80
jgU-4dorlKc,108
wlbzL1ofhNM,all
bXxgdAd6bGE,26
6t4wXsn0qLk,20
MpMNSuSBSQU,all
Yc7jzA887Pk,21
lY3o_wHZYFw,83
lY3o_wHZYFw,133
Zf1d5BNdLlk,78
Zf1d5BNdLlk,129
r0wpVc9MrTU,27
7RtWxS9zjQE,30
YVC88UF9r6M,20
N59VEJPJFHI,119
6Rtezd0Bp48,27
F93-7nw32og,all
FWPMaPR26N4,27
86ubIEeIozU,44
c91GrtOwsHY,4
wPKUEoPXRyE,all
4x2QghyaDtw,73
Z3KlZeqoO9I,1
bTlI2royRh8,60
nIitjt_RB3c,77
nIitjt_RB3c,99
WD4Pr73Du2s,27
V5VoMvvvids,43
f7gpz1yDkYQ,all
r8hx_q5hLDU,27
GDZEBrH0Mfc,9
GDZEBrH0Mfc,75
Y1dwJdUAFPU,30
FZB_uNgDfNk,2
01HOEyPSzjI,all
azboSEM5RKU,55
azboSEM5RKU,83
lgw4BX1PohQ,1
pwFfARWVOKQ,17
pwFfARWVOKQ,39
lpA5-qilvw0,16
i1SFtFNnBXk,2
i1SFtFNnBXk,14
puFfUbQUHN4,all
iovTkkZeuAA,6
u2H5r2d2ce0,76
LPbbv3vBvjs,19
IgviRKk2SNw,82
4blgf_Eqz6A,1
4blgf_Eqz6A,16
slthMYaoeFY,10
slthMYaoeFY,63
cI_bbmD9sYQ,7
aiE60mFxOTQ,30
RHHyE62O-UY,58
RHHyE62O-UY,47
iIbIsSG84mE,65
r2pcYwBcCoc,45
jV37iZYirwU,1
NdGl9dhgyE8,49
PcV0jjwrqko,1
U57Teaxd40M,57
YEWcw92QX4c,147
584x-8P47wY,14
PspiyT5SGRI,23
IaK9JJiUUT4,all
feUhBmCLpqQ,74
xLR97eSOfzk,119
XowLxBpzprg,48
qQfxnAkYKBI,1
juMqtuTxyUI,1
ebHpWojjKYU,37
2DYOZN2TQ20,all
jgjSOSXTd8A,3
Rx2nCz5Ud3M,all
0_GWZ7Z7dRQ,15
5XqUKbYhs6c,115
5XqUKbYhs6c,125
BFR20JMhNzQ,12
NxaLWEVwDlA,all
-dkfG7FLTIQ,all
yVNHUKsFmm0,all
RfUS_EvvKVw,all
7MJ2SiT2YYg,all
UFpBZwVsT-A,42
UFpBZwVsT-A,63
nX8AmwiVGK0,150
0xg94XxED_M,164
TSOQpwVaiGM,49
TSOQpwVaiGM,96
FYVAr-Cl5iM,28
kKeotxuNjJ4,74
KVeVGCDYDic,99
9WoCegAkpRQ,66
kH4IYJYv8S4,87
aNcdpC3w-E0,41
HZHpXawlsNA,51
Pw2ni1XWvx0,77
lrhgZ6UM2Gg,45
aIIIMOGPYfA,16
HS2PqrDEwvE,39
d5ifE8xO6CE,1
WtJ63bQqpGE,all
P0oHedWYpZE,41
iRSgOxYEuFc,57
iRSgOxYEuFc,73
QiECZGsPc1s,1
e7wvKIozYtg,1
VT3qJja9PhA,2
vOxc4nUpvDM,all
6hbnU-sFPGU,65
n3e8f9UMm7M,all
rjmhpbNbJRU,58
ztLFYhEDXvM,55
YyTDjz9m0FM,6
9xavfBVU5lQ,40
C6NsMcOFa6M,85
-Nk5xHJcUUg,18
-Nk5xHJcUUg,77
YmhYYuM2-k8,31
qRezVe5W0_8,43
_0P2fXMbjLw,75
3xMCIUBKplU,52
VaZZAa5AY7M,31
5PDKZvl2xWk,34
Ob_IzSKM0fk,59
FcXCzQjgbtE,46
vQgBma0TG4k,19
vQgBma0TG4k,52
E_PxbozKA08,78
VRBDiSHNU84,19
VRBDiSHNU84,66
wiocyeFbq6s,3
3x3j91VEgz0,54
H_rIelv_vM8,41
7hgSh25zces,37
yeArQTBb6jE,60
QZ3yuZlGtmE,128
nRzi1DV7xMw,1
MmrXPdSkF7w,all
9YExgMBNY2Y,1
OFDyk7bm9A4,all
bNr-z3BQJzs,1
34QNpsGMHH0,53
34QNpsGMHH0,84
UE4dXc6bqUo,36
hBluOxUMzIo,all
Y6AOhWwAAFo,all
duYXxV0OdyA,53
jnsZpmj98rQ,264
jnsZpmj98rQ,292
DnPOjXT-c5U,all
2PGztjCH_Nw,57
ZFOdO7fztv8,34
FGfFGOvEUzg,31
KKhitWszOXU,68
UDtjh8j-D3I,35
x8HZJ2Fix3g,9
xjchfXUL7Dc,72
ODxCiNHDFFs,75
ijfWoRU4fe4,72
RSDU-MhEGpk,1
0XhVMNwDXas,1
C2ws4JS_Cd8,31
GsGeWQc2tis,1
qTCfN-kjMVA,50
EEXdrQDWXa0,7
F2h-eQ5vzUE,45
F2h-eQ5vzUE,84
4aNBMK3o7bg,27
ru992dyd7OM,all
uF2e3mlnOao,28
7A8znYx1egU,all
fCdiFBQ2uEc,88
3qKhHIw8dTE,75
rZ9NqoB5OmY,1
MbkQHTAp3lc,all
nvNQHky4GGY,all
assM7Z49Q38,1
XwxXUQSrY4o,42
XwxXUQSrY4o,76
_qatb2P0X_0,77
3iRsW2Q0vOU,14
hAkj4AUSMaA,all
YY5iP4DLZ0E,all
XMKcOOVmtfY,96
4Z1hVGxYMWI,60
OdkhP5sLxiY,all
zlXZpKqG60Y,14
47KWpsbZTH0,27
CB3g57cUJ6Q,29
CB3g57cUJ6Q,73
yrbclP9r3lc,53
O7Xgs61bBb8,75
gU7tyqBbTnU,16
K1oCoAoAJlM,43
Wu8-hjimlng,20
Wu8-hjimlng,36
xWhiInyOrOc,46
892yiFtLaPI,84
RsI0hJ7ings,54
MQDW_2_IsnM,31
rVHbDDuVd8k,50
9h3tYbfQi3I,298
LRwOq2nYTuc,27
_q05DEsAgvI,49
_q05DEsAgvI,73
ZOui4kYTSQw,16
Bly8V4eyaDU,69
rAWzdi5Zwc8,44
L4xM-49q3p8,40
L4xM-49q3p8,53
62q-QnTtbr0,52
SLpfUwflgoE,40
tOrFGXvGYxQ,47
tOrFGXvGYxQ,57
v4MGKSRvdUs,1
sKipkT03Lfw,all
3d4cC3TPzDE,all
ZryU-K0qPqM,all
LU5dAxhHZyU,16
s09pb2lIof4,53
D8SofWTuVWU,37
3p6vNvJS2Zs,40
3p6vNvJS2Zs,71
zSl34yZV2eA,all
aIXfpL5inCk,27
BI3vL5snwV4,25
49YFQoBJk3E,29
nQzAadDPisI,5
lae-AaP2-3U,7
FVyyTwIqWU0,all
ZfzuAQWHpgM,54
b8TmnTqGqyk,45
7l8MRX2Fe64,20
z8ZheZKSTp8,63
JCQdLjz0Kkg,1
laBcY11zgkw,1
laBcY11zgkw,15
laBcY11zgkw,227
mkNy6LbORoI,1
mkNy6LbORoI,20
BeovoJbMWvQ,49
8_yH8G-FLwo,1
mNGa8o_W-GY,5
mNGa8o_W-GY,15
mNGa8o_W-GY,79
mNGa8o_W-GY,226
75-4M7Ssnpo,56
z_14HQGSjr4,63
JPM7utmcM8w,37
z6LQ49V5rw0,1
3t18VANA85s,53
ZgN9GQUNvGo,67
ZgN9GQUNvGo,90
XPFf2QjybBk,94
zBBCaKfM5a0,48
11lJYz-vRYY,63
UMfEbxrOK_k,46
elBvxeHaU_A,67
TX7q6yDGpAM,24
81M1pkwCqMs,21
L6xHvWyPljg,77
n4m0tBvo9Xw,all
VcP8EF74m9c,110
COThvRUdYjw,87
iEssr6gLWtc,46
W18RR4-zVh8,75
xL7U1bpVzxU,75
nIuASL69XVM,61
vt2tzqyoOow,40
cOsqW8uzAlY,63
aGtI-FCgPxY,65
lVRj1CDnE00,42
vPv4HG5Lesc,79
tS3NrSOEXbs,all
zFY05eqYNtI,33
y1Xjs4LjGAk,145
OloC_TCZeBM,41
kBW9FnTR2I0,21
3Kbj5MAaVCg,23
2u4TmEmjMfY,33
dqrExQsESs4,34
7uA2-9MJpMg,40
BDV1HX0zYCk,47
MSHMKy4u73c,58
KYI7SXdGkQc,23
JuGWgbg6Abc,40
oFUwRAJ2dv0,24
oFUwRAJ2dv0,69
oFUwRAJ2dv0,90
vAXeVhUFYrs,32
vAXeVhUFYrs,80
px0FiQICvLM,48
zcSSB3QTOBE,34
degP4_P1vCI,34
eqaItGkKwnI,1
WRLciU65fGQ,1
Tg3Uw9pNCFE,10
N-5S1zUS6vs,34
R4NPAOiLTzc,28
rbWlYvg2rcc,27
E1dtzjSkF-4,41
y4A0fea0mVU,25
uvIyK1tivSA,20
BAv_Tf868J4,83
Zb4alKZnd6A,all
f6inYfPsSYc,35
dEM1UEIMimw,25
AZIU3rzlr7A,all
G7e9MEA1SL8,all
3n_jBrMtQPI,47
3n_jBrMtQPI,110
3yjQ6OITcDA,50
Tda5rLbzW0I,21
S8c2KgUXrbI,144
2mVOaO-Glgc,115
MgzziH1ceRQ,76
k6zy2W0NFQg,all
UuZmlXXqDeQ,1
UuZmlXXqDeQ,18
naLpx0hlEIw,6
naLpx0hlEIw,14
WPyPbijonWU,all
CPN16EU6Y-M,104
aLB86VMkrJk,65
dGmlpltQA48,1
Ekh-hFqzEBA,54
bRyMx7T7ZPg,28
brDNYHZ_IEs,18
tlBSH3_YDcc,44
81uejNdHA_g,8
81uejNdHA_g,72
BpZg4d1CJt0,all
JBxqSnCgDCY,177
pkzxAd69-vw,82
pkzxAd69-vw,140
-bMxd2aolEE,9
-bMxd2aolEE,40
-bMxd2aolEE,381
mVaUxfe5CHU,68
wAcOJn7tisE,60
miLnWl0gJ9g,45
M2SBGbBKlSI,54
htp7FCkyuk8,38
N4A9_yfIBUE,46
2S8hvMfMdMU,53
QIeYBddx2rc,28
3sLfZ4IrMZc,1
KGYSRAlZdCc,7
lthbMANaNWE,all
6hQsWTu_kqo,all
rS2ZgvEV2cQ,29
M9jdwWsHr5c,34
E8E08nHZYmw,98
CJrB7i-SFAI,all
lofkFsnHaRM,115
LHMtLQDX-8E,all
tbfmx93eLhA,6
qdS0eV6Zi8c,all
4yo07MYypKU,150
4yo07MYypKU,186
aWzax0foAFo,14
aWzax0foAFo,38
2C1DRzxrY1Q,45
CnOT9oMAObU,38
CnOT9oMAObU,71
CnOT9oMAObU,160
IlRQMVDRmVo,22
ZYVX7tM1TRM,69
FOqMX0vgzN8,37
FOqMX0vgzN8,75
lFf0R6_q5o0,5
lFf0R6_q5o0,16
v0JhzZqPZ1Y,51
WZInOt11PMw,39
jJkKROr7lQc,62
nNECL6fDfsM,31
wFg-1CcBoe0,33
7Bz2zTZn-KI,45
7Bz2zTZn-KI,57
38wWgNW09cI,57
38wWgNW09cI,98
jMAaJcMGoqg,1
lpKw1v4HNn8,all
fNIhR9UQLbs,13
fNIhR9UQLbs,31
4W7LJBQXp3E,49
0uezqat-xfc,22
0uezqat-xfc,56
qG7CurlshJY,5
zQWGpG_ENxY,30
zQWGpG_ENxY,75
jiWw7tiY4TI,43
KtB0uZtt098,70
GdMYar6e3jU,73
95FABv6cIeg,all
NJ2tOgzY3Uk,50
SB2GETlPdG4,50
UOYxJy5rZGw,21
mhr8o9HJbT0,26
tDJKYDd_vuI,all
fLLYuI7mbW4,98
1GK7chk-6po,47
Ku5JMXOXYTs,34
aBqSeKh82_A,23
_uOeQPgakf8,all
EO1Sf7IO2e4,69
4o9jbJCychk,30
4o9jbJCychk,49
cZayOZxGmyE,44
iiD9ihWEDyQ,52
t71OWjv0Mbk,26
FAeI6C8WY4w,63
F-M1bEU7z7I,152
EMD50DtpHtk,28
1jbWWXR9yjk,36
vzBZiwpNQhM,all
xYgMYpDGG44,all
85k7dApXlnY,1
Hnrsz22LCmg,43
bEVg-IdxOhA,1
fabTmgTsPxk,57
1VWAJrne5eY,65
4R_lFWUZtD8,34
0unSAkNaoBE,34
hOr9mZ26Lh4,20
hOr9mZ26Lh4,47
_j2I6F-W2Fg,1
eb70tDUWODA,6
E1PkOw52xY0,all
TtwN4AwNY8E,5
9dTeBAGr4W4,28
1abFcgiaxxs,2
KxFsI3uIS30,15
xseyuk4s7pQ,21
QBj76fCMSp8,all
RPBFoq24V-8,all
ORDN5xce-ng,82
7FHPTsoULA4,22
7FHPTsoULA4,33
RW7i8PzJZXw,102
FTI4V5gHHVs,100
--PeSjxf1aQ,158
5INeUxfcH30,37
RW3FzbiDHtA,117
IXvF3qftj74,all
Vut2dP_utrc,96
aFOmo6aSC9M,117
tOJ5fCV-jaE,30
HiCw77h4-BU,68
bgEFUlo8aBg,22
1x1POcI5aKs,21
oqFQUVPjX-A,58
enxyuJ5do3U,1
enxyuJ5do3U,26
YBKp2NQ07fo,12
j3sfyGLx-gM,34
Ln5dDZ_FCdw,all
Xd59HSw5qLE,1
Xd59HSw5qLE,15
dW5aVyksFdE,1
oWtwnuWLbQs,42
QkVWCsNV0Oc,8
QkVWCsNV0Oc,70
QkVWCsNV0Oc,108
zIlFIsVECEk,49
v0lBb_bC5po,1
WO5XKfmlMDc,75
k2h3s_GqUxU,36
k2h3s_GqUxU,88
qhRIhT_7ezU,39
qhRIhT_7ezU,69
Emem5gGeEjc,125
eElsfzUC7Ac,5
eElsfzUC7Ac,27
7J0ZaqvhEwI,45
HOcvV6mK0I0,38
9XTmt16qAhw,33
SlKP4JA-snE,56
WAGSsBxNkfU,6
feL2GFdgYEo,1
f1VyreH4GrI,72
V3lAMqx-RtU,67
a2SclCXg794,41
tWXQP0on-Qc,54
tWXQP0on-Qc,70
5MBf_K37-J4,50
UyzEh-KsqG0,39
Des6vrZkRIs,1
mLgff_QCJTw,5
iw8PydqKpb8,1
v1dhcOEiUaI,124
A3_YzDB-ZBs,10
yW52g38iTcI,56
5wxk9UTC-Ns,48
2CPZRnQGNJY,25
AKi73akc1ww,27
AKi73akc1ww,84
YqttDUl2nkY,47
fnGwQNKtaFo,1
A6sO_NlEtMk,263
rg3B7Ds0K5c,44
Ui6nBKrDYSY,52
wGH0ZtesMeo,50
8KXVocmGgz4,98
hYShusGYSxQ,23
dXB_mSeyqVc,26
FboFiDdfLB4,24
FboFiDdfLB4,38
DUOTeY5hGBE,65
mq2IIKdI0BI,52
dW6YlLZtj4o,32
Mnok3oSFt_s,all
aKaimDEh7x8,49
_vZUfaR_9Go,40
eFhlNy1-CTQ,52
eFhlNy1-CTQ,86
CASpZobItK0,20
CASpZobItK0,78
bvW43zw5VYk,84
zjfl0Jv8-Q8,8

